{"backend_name": "ibmq_casablanca", "backend_version": "1.2.52", "qobj_id": "c9d34740-09b6-40f0-baa1-0d5814e1e346", "job_id": "621762a361cbfc581b62f81f", "date": "2022-02-24T12:32:40Z", "success": true, "status": "Successful completion", "execution_id": "05f3bdf8-956d-11ec-a977-b02628f83db0", "time_taken": 357.98685812950134, "header": {"backend_name": "ibmq_casablanca", "backend_version": "1.2.52"}, "results": [{"shots": 8192, "success": true, "status": null, "seed": null, "meas_level": 2, "meas_return": null, "header": {"qubit_labels": [["q", 0], ["q", 1], ["q", 2], ["q", 3], ["q", 4], ["q", 5], ["q", 6]], "n_qubits": 7, "qreg_sizes": [["q", 7]], "clbit_labels": [["meas", 0]], "memory_slots": 1, "creg_sizes": [["meas", 1]], "name": "circuit_gate_set_1_0", "global_phase": 0.0, "metadata": {}}, "data": {"counts": {"0x0": 8029, "0x1": 163}, "snapshots": null, "memory": null, "statevector": null, "unitary": null}}, {"shots": 8192, "success": true, "status": null, "seed": null, "meas_level": 2, "meas_return": null, "header": {"qubit_labels": [["q", 0], ["q", 1], ["q", 2], ["q", 3], ["q", 4], ["q", 5], ["q", 6]], "n_qubits": 7, "qreg_sizes": [["q", 7]], "clbit_labels": [["meas", 0]], "memory_slots": 1, "creg_sizes": [["meas", 1]], "name": "circuit_gate_set_1_1", "global_phase": 0.0, "metadata": {}}, "data": {"counts": {"0x0": 611, "0x1": 7581}, "snapshots": null, "memory": null, "statevector": null, "unitary": null}}, {"shots": 8192, "success": true, "status": null, "seed": null, "meas_level": 2, "meas_return": null, "header": {"qubit_labels": [["q", 0], ["q", 1], ["q", 2], ["q", 3], ["q", 4], ["q", 5], ["q", 6]], "n_qubits": 7, "qreg_sizes": [["q", 7]], "clbit_labels": [["meas", 0]], "memory_slots": 1, "creg_sizes": [["meas", 1]], "name": "circuit_gate_set_1_2", "global_phase": 0.7853981633974483, "metadata": {}}, "data": {"counts": {"0x0": 4477, "0x1": 3715}, "snapshots": null, "memory": null, "statevector": null, "unitary": null}}, {"shots": 8192, "success": true, "status": null, "seed": null, "meas_level": 2, "meas_return": null, "header": {"qubit_labels": [["q", 0], ["q", 1], ["q", 2], ["q", 3], ["q", 4], ["q", 5], ["q", 6]], "n_qubits": 7, "qreg_sizes": [["q", 7]], "clbit_labels": [["meas", 0]], "memory_slots": 1, "creg_sizes": [["meas", 1]], "name": "circuit_gate_set_1_3", "global_phase": 2.356194490192344, "metadata": {}}, "data": {"counts": {"0x0": 4255, "0x1": 3937}, "snapshots": null, "memory": null, "statevector": null, "unitary": null}}, {"shots": 8192, "success": true, "status": null, "seed": null, "meas_level": 2, "meas_return": null, "header": {"qubit_labels": [["q", 0], ["q", 1], ["q", 2], ["q", 3], ["q", 4], ["q", 5], ["q", 6]], "n_qubits": 7, "qreg_sizes": [["q", 7]], "clbit_labels": [["meas", 0]], "memory_slots": 1, "creg_sizes": [["meas", 1]], "name": "circuit_gate_set_1_4", "global_phase": 0.0, "metadata": {}}, "data": {"counts": {"0x0": 680, "0x1": 7512}, "snapshots": null, "memory": null, "statevector": null, "unitary": null}}, {"shots": 8192, "success": true, "status": null, "seed": null, "meas_level": 2, "meas_return": null, "header": {"qubit_labels": [["q", 0], ["q", 1], ["q", 2], ["q", 3], ["q", 4], ["q", 5], ["q", 6]], "n_qubits": 7, "qreg_sizes": [["q", 7]], "clbit_labels": [["meas", 0]], "memory_slots": 1, "creg_sizes": [["meas", 1]], "name": "circuit_gate_set_1_5", "global_phase": 0.0, "metadata": {}}, "data": {"counts": {"0x0": 8027, "0x1": 165}, "snapshots": null, "memory": null, "statevector": null, "unitary": null}}, {"shots": 8192, "success": true, "status": null, "seed": null, "meas_level": 2, "meas_return": null, "header": {"qubit_labels": [["q", 0], ["q", 1], ["q", 2], ["q", 3], ["q", 4], ["q", 5], ["q", 6]], "n_qubits": 7, "qreg_sizes": [["q", 7]], "clbit_labels": [["meas", 0]], "memory_slots": 1, "creg_sizes": [["meas", 1]], "name": "circuit_gate_set_1_6", "global_phase": 5.497787143782138, "metadata": {}}, "data": {"counts": {"0x0": 4498, "0x1": 3694}, "snapshots": null, "memory": null, "statevector": null, "unitary": null}}, {"shots": 8192, "success": true, "status": null, "seed": null, "meas_level": 2, "meas_return": null, "header": {"qubit_labels": [["q", 0], ["q", 1], ["q", 2], ["q", 3], ["q", 4], ["q", 5], ["q", 6]], "n_qubits": 7, "qreg_sizes": [["q", 7]], "clbit_labels": [["meas", 0]], "memory_slots": 1, "creg_sizes": [["meas", 1]], "name": "circuit_gate_set_1_7", "global_phase": 0.7853981633974483, "metadata": {}}, "data": {"counts": {"0x0": 4503, "0x1": 3689}, "snapshots": null, "memory": null, "statevector": null, "unitary": null}}, {"shots": 8192, "success": true, "status": null, "seed": null, "meas_level": 2, "meas_return": null, "header": {"qubit_labels": [["q", 0], ["q", 1], ["q", 2], ["q", 3], ["q", 4], ["q", 5], ["q", 6]], "n_qubits": 7, "qreg_sizes": [["q", 7]], "clbit_labels": [["meas", 0]], "memory_slots": 1, "creg_sizes": [["meas", 1]], "name": "circuit_gate_set_1_8", "global_phase": 0.7853981633974483, "metadata": {}}, "data": {"counts": {"0x0": 4470, "0x1": 3722}, "snapshots": null, "memory": null, "statevector": null, "unitary": null}}, {"shots": 8192, "success": true, "status": null, "seed": null, "meas_level": 2, "meas_return": null, "header": {"qubit_labels": [["q", 0], ["q", 1], ["q", 2], ["q", 3], ["q", 4], ["q", 5], ["q", 6]], "n_qubits": 7, "qreg_sizes": [["q", 7]], "clbit_labels": [["meas", 0]], "memory_slots": 1, "creg_sizes": [["meas", 1]], "name": "circuit_gate_set_1_9", "global_phase": 5.497787143782138, "metadata": {}}, "data": {"counts": {"0x0": 4186, "0x1": 4006}, "snapshots": null, "memory": null, "statevector": null, "unitary": null}}, {"shots": 8192, "success": true, "status": null, "seed": null, "meas_level": 2, "meas_return": null, "header": {"qubit_labels": [["q", 0], ["q", 1], ["q", 2], ["q", 3], ["q", 4], ["q", 5], ["q", 6]], "n_qubits": 7, "qreg_sizes": [["q", 7]], "clbit_labels": [["meas", 0]], "memory_slots": 1, "creg_sizes": [["meas", 1]], "name": "circuit_gate_set_1_10", "global_phase": 0.0, "metadata": {}}, "data": {"counts": {"0x0": 8042, "0x1": 150}, "snapshots": null, "memory": null, "statevector": null, "unitary": null}}, {"shots": 8192, "success": true, "status": null, "seed": null, "meas_level": 2, "meas_return": null, "header": {"qubit_labels": [["q", 0], ["q", 1], ["q", 2], ["q", 3], ["q", 4], ["q", 5], ["q", 6]], "n_qubits": 7, "qreg_sizes": [["q", 7]], "clbit_labels": [["meas", 0]], "memory_slots": 1, "creg_sizes": [["meas", 1]], "name": "circuit_gate_set_1_11", "global_phase": 0.7853981633974492, "metadata": {}}, "data": {"counts": {"0x0": 4427, "0x1": 3765}, "snapshots": null, "memory": null, "statevector": null, "unitary": null}}, {"shots": 8192, "success": true, "status": null, "seed": null, "meas_level": 2, "meas_return": null, "header": {"qubit_labels": [["q", 0], ["q", 1], ["q", 2], ["q", 3], ["q", 4], ["q", 5], ["q", 6]], "n_qubits": 7, "qreg_sizes": [["q", 7]], "clbit_labels": [["meas", 0]], "memory_slots": 1, "creg_sizes": [["meas", 1]], "name": "circuit_gate_set_1_12", "global_phase": 2.356194490192344, "metadata": {}}, "data": {"counts": {"0x0": 4303, "0x1": 3889}, "snapshots": null, "memory": null, "statevector": null, "unitary": null}}, {"shots": 8192, "success": true, "status": null, "seed": null, "meas_level": 2, "meas_return": null, "header": {"qubit_labels": [["q", 0], ["q", 1], ["q", 2], ["q", 3], ["q", 4], ["q", 5], ["q", 6]], "n_qubits": 7, "qreg_sizes": [["q", 7]], "clbit_labels": [["meas", 0]], "memory_slots": 1, "creg_sizes": [["meas", 1]], "name": "circuit_gate_set_1_13", "global_phase": 0.7853981633974483, "metadata": {}}, "data": {"counts": {"0x0": 4410, "0x1": 3782}, "snapshots": null, "memory": null, "statevector": null, "unitary": null}}, {"shots": 8192, "success": true, "status": null, "seed": null, "meas_level": 2, "meas_return": null, "header": {"qubit_labels": [["q", 0], ["q", 1], ["q", 2], ["q", 3], ["q", 4], ["q", 5], ["q", 6]], "n_qubits": 7, "qreg_sizes": [["q", 7]], "clbit_labels": [["meas", 0]], "memory_slots": 1, "creg_sizes": [["meas", 1]], "name": "circuit_gate_set_1_14", "global_phase": 0.7853981633974492, "metadata": {}}, "data": {"counts": {"0x0": 4367, "0x1": 3825}, "snapshots": null, "memory": null, "statevector": null, "unitary": null}}, {"shots": 8192, "success": true, "status": null, "seed": null, "meas_level": 2, "meas_return": null, "header": {"qubit_labels": [["q", 0], ["q", 1], ["q", 2], ["q", 3], ["q", 4], ["q", 5], ["q", 6]], "n_qubits": 7, "qreg_sizes": [["q", 7]], "clbit_labels": [["meas", 0]], "memory_slots": 1, "creg_sizes": [["meas", 1]], "name": "circuit_gate_set_1_15", "global_phase": 1.5707963267948966, "metadata": {}}, "data": {"counts": {"0x0": 642, "0x1": 7550}, "snapshots": null, "memory": null, "statevector": null, "unitary": null}}, {"shots": 8192, "success": true, "status": null, "seed": null, "meas_level": 2, "meas_return": null, "header": {"qubit_labels": [["q", 0], ["q", 1], ["q", 2], ["q", 3], ["q", 4], ["q", 5], ["q", 6]], "n_qubits": 7, "qreg_sizes": [["q", 7]], "clbit_labels": [["meas", 0]], "memory_slots": 1, "creg_sizes": [["meas", 1]], "name": "circuit_gate_set_1_16", "global_phase": 0.0, "metadata": {}}, "data": {"counts": {"0x0": 607, "0x1": 7585}, "snapshots": null, "memory": null, "statevector": null, "unitary": null}}, {"shots": 8192, "success": true, "status": null, "seed": null, "meas_level": 2, "meas_return": null, "header": {"qubit_labels": [["q", 0], ["q", 1], ["q", 2], ["q", 3], ["q", 4], ["q", 5], ["q", 6]], "n_qubits": 7, "qreg_sizes": [["q", 7]], "clbit_labels": [["meas", 0]], "memory_slots": 1, "creg_sizes": [["meas", 1]], "name": "circuit_gate_set_1_17", "global_phase": 0.0, "metadata": {}}, "data": {"counts": {"0x0": 8022, "0x1": 170}, "snapshots": null, "memory": null, "statevector": null, "unitary": null}}, {"shots": 8192, "success": true, "status": null, "seed": null, "meas_level": 2, "meas_return": null, "header": {"qubit_labels": [["q", 0], ["q", 1], ["q", 2], ["q", 3], ["q", 4], ["q", 5], ["q", 6]], "n_qubits": 7, "qreg_sizes": [["q", 7]], "clbit_labels": [["meas", 0]], "memory_slots": 1, "creg_sizes": [["meas", 1]], "name": "circuit_gate_set_1_18", "global_phase": 5.497787143782138, "metadata": {}}, "data": {"counts": {"0x0": 4406, "0x1": 3786}, "snapshots": null, "memory": null, "statevector": null, "unitary": null}}, {"shots": 8192, "success": true, "status": null, "seed": null, "meas_level": 2, "meas_return": null, "header": {"qubit_labels": [["q", 0], ["q", 1], ["q", 2], ["q", 3], ["q", 4], ["q", 5], ["q", 6]], "n_qubits": 7, "qreg_sizes": [["q", 7]], "clbit_labels": [["meas", 0]], "memory_slots": 1, "creg_sizes": [["meas", 1]], "name": "circuit_gate_set_1_19", "global_phase": 0.7853981633974483, "metadata": {}}, "data": {"counts": {"0x0": 4437, "0x1": 3755}, "snapshots": null, "memory": null, "statevector": null, "unitary": null}}, {"shots": 8192, "success": true, "status": null, "seed": null, "meas_level": 2, "meas_return": null, "header": {"qubit_labels": [["q", 0], ["q", 1], ["q", 2], ["q", 3], ["q", 4], ["q", 5], ["q", 6]], "n_qubits": 7, "qreg_sizes": [["q", 7]], "clbit_labels": [["meas", 0]], "memory_slots": 1, "creg_sizes": [["meas", 1]], "name": "circuit_gate_set_1_20", "global_phase": 0.0, "metadata": {}}, "data": {"counts": {"0x0": 8051, "0x1": 141}, "snapshots": null, "memory": null, "statevector": null, "unitary": null}}, {"shots": 8192, "success": true, "status": null, "seed": null, "meas_level": 2, "meas_return": null, "header": {"qubit_labels": [["q", 0], ["q", 1], ["q", 2], ["q", 3], ["q", 4], ["q", 5], ["q", 6]], "n_qubits": 7, "qreg_sizes": [["q", 7]], "clbit_labels": [["meas", 0]], "memory_slots": 1, "creg_sizes": [["meas", 1]], "name": "circuit_gate_set_1_21", "global_phase": 0.0, "metadata": {}}, "data": {"counts": {"0x0": 605, "0x1": 7587}, "snapshots": null, "memory": null, "statevector": null, "unitary": null}}, {"shots": 8192, "success": true, "status": null, "seed": null, "meas_level": 2, "meas_return": null, "header": {"qubit_labels": [["q", 0], ["q", 1], ["q", 2], ["q", 3], ["q", 4], ["q", 5], ["q", 6]], "n_qubits": 7, "qreg_sizes": [["q", 7]], "clbit_labels": [["meas", 0]], "memory_slots": 1, "creg_sizes": [["meas", 1]], "name": "circuit_gate_set_1_22", "global_phase": 0.7853981633974483, "metadata": {}}, "data": {"counts": {"0x0": 4420, "0x1": 3772}, "snapshots": null, "memory": null, "statevector": null, "unitary": null}}, {"shots": 8192, "success": true, "status": null, "seed": null, "meas_level": 2, "meas_return": null, "header": {"qubit_labels": [["q", 0], ["q", 1], ["q", 2], ["q", 3], ["q", 4], ["q", 5], ["q", 6]], "n_qubits": 7, "qreg_sizes": [["q", 7]], "clbit_labels": [["meas", 0]], "memory_slots": 1, "creg_sizes": [["meas", 1]], "name": "circuit_gate_set_1_23", "global_phase": 2.356194490192344, "metadata": {}}, "data": {"counts": {"0x0": 4256, "0x1": 3936}, "snapshots": null, "memory": null, "statevector": null, "unitary": null}}, {"shots": 8192, "success": true, "status": null, "seed": null, "meas_level": 2, "meas_return": null, "header": {"qubit_labels": [["q", 0], ["q", 1], ["q", 2], ["q", 3], ["q", 4], ["q", 5], ["q", 6]], "n_qubits": 7, "qreg_sizes": [["q", 7]], "clbit_labels": [["meas", 0]], "memory_slots": 1, "creg_sizes": [["meas", 1]], "name": "circuit_gate_set_1_24", "global_phase": 5.497787143782138, "metadata": {}}, "data": {"counts": {"0x0": 4204, "0x1": 3988}, "snapshots": null, "memory": null, "statevector": null, "unitary": null}}, {"shots": 8192, "success": true, "status": null, "seed": null, "meas_level": 2, "meas_return": null, "header": {"qubit_labels": [["q", 0], ["q", 1], ["q", 2], ["q", 3], ["q", 4], ["q", 5], ["q", 6]], "n_qubits": 7, "qreg_sizes": [["q", 7]], "clbit_labels": [["meas", 0]], "memory_slots": 1, "creg_sizes": [["meas", 1]], "name": "circuit_gate_set_1_25", "global_phase": 0.7853981633974483, "metadata": {}}, "data": {"counts": {"0x0": 4461, "0x1": 3731}, "snapshots": null, "memory": null, "statevector": null, "unitary": null}}, {"shots": 8192, "success": true, "status": null, "seed": null, "meas_level": 2, "meas_return": null, "header": {"qubit_labels": [["q", 0], ["q", 1], ["q", 2], ["q", 3], ["q", 4], ["q", 5], ["q", 6]], "n_qubits": 7, "qreg_sizes": [["q", 7]], "clbit_labels": [["meas", 0]], "memory_slots": 1, "creg_sizes": [["meas", 1]], "name": "circuit_gate_set_1_26", "global_phase": 4.71238898038469, "metadata": {}}, "data": {"counts": {"0x0": 8012, "0x1": 180}, "snapshots": null, "memory": null, "statevector": null, "unitary": null}}, {"shots": 8192, "success": true, "status": null, "seed": null, "meas_level": 2, "meas_return": null, "header": {"qubit_labels": [["q", 0], ["q", 1], ["q", 2], ["q", 3], ["q", 4], ["q", 5], ["q", 6]], "n_qubits": 7, "qreg_sizes": [["q", 7]], "clbit_labels": [["meas", 0]], "memory_slots": 1, "creg_sizes": [["meas", 1]], "name": "circuit_gate_set_1_27", "global_phase": 5.497787143782138, "metadata": {}}, "data": {"counts": {"0x0": 4305, "0x1": 3887}, "snapshots": null, "memory": null, "statevector": null, "unitary": null}}, {"shots": 8192, "success": true, "status": null, "seed": null, "meas_level": 2, "meas_return": null, "header": {"qubit_labels": [["q", 0], ["q", 1], ["q", 2], ["q", 3], ["q", 4], ["q", 5], ["q", 6]], "n_qubits": 7, "qreg_sizes": [["q", 7]], "clbit_labels": [["meas", 0]], "memory_slots": 1, "creg_sizes": [["meas", 1]], "name": "circuit_gate_set_1_28", "global_phase": 0.7853981633974483, "metadata": {}}, "data": {"counts": {"0x0": 4432, "0x1": 3760}, "snapshots": null, "memory": null, "statevector": null, "unitary": null}}, {"shots": 8192, "success": true, "status": null, "seed": null, "meas_level": 2, "meas_return": null, "header": {"qubit_labels": [["q", 0], ["q", 1], ["q", 2], ["q", 3], ["q", 4], ["q", 5], ["q", 6]], "n_qubits": 7, "qreg_sizes": [["q", 7]], "clbit_labels": [["meas", 0]], "memory_slots": 1, "creg_sizes": [["meas", 1]], "name": "circuit_gate_set_1_29", "global_phase": 2.356194490192344, "metadata": {}}, "data": {"counts": {"0x0": 4242, "0x1": 3950}, "snapshots": null, "memory": null, "statevector": null, "unitary": null}}, {"shots": 8192, "success": true, "status": null, "seed": null, "meas_level": 2, "meas_return": null, "header": {"qubit_labels": [["q", 0], ["q", 1], ["q", 2], ["q", 3], ["q", 4], ["q", 5], ["q", 6]], "n_qubits": 7, "qreg_sizes": [["q", 7]], "clbit_labels": [["meas", 0]], "memory_slots": 1, "creg_sizes": [["meas", 1]], "name": "circuit_gate_set_1_30", "global_phase": 5.497787143782139, "metadata": {}}, "data": {"counts": {"0x0": 4446, "0x1": 3746}, "snapshots": null, "memory": null, "statevector": null, "unitary": null}}, {"shots": 8192, "success": true, "status": null, "seed": null, "meas_level": 2, "meas_return": null, "header": {"qubit_labels": [["q", 0], ["q", 1], ["q", 2], ["q", 3], ["q", 4], ["q", 5], ["q", 6]], "n_qubits": 7, "qreg_sizes": [["q", 7]], "clbit_labels": [["meas", 0]], "memory_slots": 1, "creg_sizes": [["meas", 1]], "name": "circuit_gate_set_1_31", "global_phase": 1.5707963267948966, "metadata": {}}, "data": {"counts": {"0x0": 8022, "0x1": 170}, "snapshots": null, "memory": null, "statevector": null, "unitary": null}}, {"shots": 8192, "success": true, "status": null, "seed": null, "meas_level": 2, "meas_return": null, "header": {"qubit_labels": [["q", 0], ["q", 1], ["q", 2], ["q", 3], ["q", 4], ["q", 5], ["q", 6]], "n_qubits": 7, "qreg_sizes": [["q", 7]], "clbit_labels": [["meas", 0]], "memory_slots": 1, "creg_sizes": [["meas", 1]], "name": "circuit_gate_set_1_32", "global_phase": 0.7853981633974483, "metadata": {}}, "data": {"counts": {"0x0": 4470, "0x1": 3722}, "snapshots": null, "memory": null, "statevector": null, "unitary": null}}, {"shots": 8192, "success": true, "status": null, "seed": null, "meas_level": 2, "meas_return": null, "header": {"qubit_labels": [["q", 0], ["q", 1], ["q", 2], ["q", 3], ["q", 4], ["q", 5], ["q", 6]], "n_qubits": 7, "qreg_sizes": [["q", 7]], "clbit_labels": [["meas", 0]], "memory_slots": 1, "creg_sizes": [["meas", 1]], "name": "circuit_gate_set_1_33", "global_phase": 5.497787143782138, "metadata": {}}, "data": {"counts": {"0x0": 4279, "0x1": 3913}, "snapshots": null, "memory": null, "statevector": null, "unitary": null}}, {"shots": 8192, "success": true, "status": null, "seed": null, "meas_level": 2, "meas_return": null, "header": {"qubit_labels": [["q", 0], ["q", 1], ["q", 2], ["q", 3], ["q", 4], ["q", 5], ["q", 6]], "n_qubits": 7, "qreg_sizes": [["q", 7]], "clbit_labels": [["meas", 0]], "memory_slots": 1, "creg_sizes": [["meas", 1]], "name": "circuit_gate_set_1_34", "global_phase": 0.0, "metadata": {}}, "data": {"counts": {"0x0": 8007, "0x1": 185}, "snapshots": null, "memory": null, "statevector": null, "unitary": null}}, {"shots": 8192, "success": true, "status": null, "seed": null, "meas_level": 2, "meas_return": null, "header": {"qubit_labels": [["q", 0], ["q", 1], ["q", 2], ["q", 3], ["q", 4], ["q", 5], ["q", 6]], "n_qubits": 7, "qreg_sizes": [["q", 7]], "clbit_labels": [["meas", 0]], "memory_slots": 1, "creg_sizes": [["meas", 1]], "name": "circuit_gate_set_1_35", "global_phase": 0.7853981633974492, "metadata": {}}, "data": {"counts": {"0x0": 4476, "0x1": 3716}, "snapshots": null, "memory": null, "statevector": null, "unitary": null}}, {"shots": 8192, "success": true, "status": null, "seed": null, "meas_level": 2, "meas_return": null, "header": {"qubit_labels": [["q", 0], ["q", 1], ["q", 2], ["q", 3], ["q", 4], ["q", 5], ["q", 6]], "n_qubits": 7, "qreg_sizes": [["q", 7]], "clbit_labels": [["meas", 0]], "memory_slots": 1, "creg_sizes": [["meas", 1]], "name": "circuit_gate_set_1_36", "global_phase": 5.497787143782138, "metadata": {}}, "data": {"counts": {"0x0": 4455, "0x1": 3737}, "snapshots": null, "memory": null, "statevector": null, "unitary": null}}, {"shots": 8192, "success": true, "status": null, "seed": null, "meas_level": 2, "meas_return": null, "header": {"qubit_labels": [["q", 0], ["q", 1], ["q", 2], ["q", 3], ["q", 4], ["q", 5], ["q", 6]], "n_qubits": 7, "qreg_sizes": [["q", 7]], "clbit_labels": [["meas", 0]], "memory_slots": 1, "creg_sizes": [["meas", 1]], "name": "circuit_gate_set_1_37", "global_phase": 0.7853981633974483, "metadata": {}}, "data": {"counts": {"0x0": 4164, "0x1": 4028}, "snapshots": null, "memory": null, "statevector": null, "unitary": null}}, {"shots": 8192, "success": true, "status": null, "seed": null, "meas_level": 2, "meas_return": null, "header": {"qubit_labels": [["q", 0], ["q", 1], ["q", 2], ["q", 3], ["q", 4], ["q", 5], ["q", 6]], "n_qubits": 7, "qreg_sizes": [["q", 7]], "clbit_labels": [["meas", 0]], "memory_slots": 1, "creg_sizes": [["meas", 1]], "name": "circuit_gate_set_1_38", "global_phase": 0.0, "metadata": {}}, "data": {"counts": {"0x0": 634, "0x1": 7558}, "snapshots": null, "memory": null, "statevector": null, "unitary": null}}, {"shots": 8192, "success": true, "status": null, "seed": null, "meas_level": 2, "meas_return": null, "header": {"qubit_labels": [["q", 0], ["q", 1], ["q", 2], ["q", 3], ["q", 4], ["q", 5], ["q", 6]], "n_qubits": 7, "qreg_sizes": [["q", 7]], "clbit_labels": [["meas", 0]], "memory_slots": 1, "creg_sizes": [["meas", 1]], "name": "circuit_gate_set_1_39", "global_phase": 2.356194490192344, "metadata": {}}, "data": {"counts": {"0x0": 4222, "0x1": 3970}, "snapshots": null, "memory": null, "statevector": null, "unitary": null}}, {"shots": 8192, "success": true, "status": null, "seed": null, "meas_level": 2, "meas_return": null, "header": {"qubit_labels": [["q", 0], ["q", 1], ["q", 2], ["q", 3], ["q", 4], ["q", 5], ["q", 6]], "n_qubits": 7, "qreg_sizes": [["q", 7]], "clbit_labels": [["meas", 0]], "memory_slots": 1, "creg_sizes": [["meas", 1]], "name": "circuit_gate_set_1_40", "global_phase": 0.0, "metadata": {}}, "data": {"counts": {"0x0": 8027, "0x1": 165}, "snapshots": null, "memory": null, "statevector": null, "unitary": null}}, {"shots": 8192, "success": true, "status": null, "seed": null, "meas_level": 2, "meas_return": null, "header": {"qubit_labels": [["q", 0], ["q", 1], ["q", 2], ["q", 3], ["q", 4], ["q", 5], ["q", 6]], "n_qubits": 7, "qreg_sizes": [["q", 7]], "clbit_labels": [["meas", 0]], "memory_slots": 1, "creg_sizes": [["meas", 1]], "name": "circuit_gate_set_1_41", "global_phase": 0.0, "metadata": {}}, "data": {"counts": {"0x0": 607, "0x1": 7585}, "snapshots": null, "memory": null, "statevector": null, "unitary": null}}, {"shots": 8192, "success": true, "status": null, "seed": null, "meas_level": 2, "meas_return": null, "header": {"qubit_labels": [["q", 0], ["q", 1], ["q", 2], ["q", 3], ["q", 4], ["q", 5], ["q", 6]], "n_qubits": 7, "qreg_sizes": [["q", 7]], "clbit_labels": [["meas", 0]], "memory_slots": 1, "creg_sizes": [["meas", 1]], "name": "circuit_gate_set_1_42", "global_phase": 0.7853981633974483, "metadata": {}}, "data": {"counts": {"0x0": 4443, "0x1": 3749}, "snapshots": null, "memory": null, "statevector": null, "unitary": null}}, {"shots": 8192, "success": true, "status": null, "seed": null, "meas_level": 2, "meas_return": null, "header": {"qubit_labels": [["q", 0], ["q", 1], ["q", 2], ["q", 3], ["q", 4], ["q", 5], ["q", 6]], "n_qubits": 7, "qreg_sizes": [["q", 7]], "clbit_labels": [["meas", 0]], "memory_slots": 1, "creg_sizes": [["meas", 1]], "name": "circuit_gate_set_1_43", "global_phase": 2.356194490192344, "metadata": {}}, "data": {"counts": {"0x0": 4289, "0x1": 3903}, "snapshots": null, "memory": null, "statevector": null, "unitary": null}}, {"shots": 8192, "success": true, "status": null, "seed": null, "meas_level": 2, "meas_return": null, "header": {"qubit_labels": [["q", 0], ["q", 1], ["q", 2], ["q", 3], ["q", 4], ["q", 5], ["q", 6]], "n_qubits": 7, "qreg_sizes": [["q", 7]], "clbit_labels": [["meas", 0]], "memory_slots": 1, "creg_sizes": [["meas", 1]], "name": "circuit_gate_set_1_44", "global_phase": 0.7853981633974492, "metadata": {}}, "data": {"counts": {"0x0": 4460, "0x1": 3732}, "snapshots": null, "memory": null, "statevector": null, "unitary": null}}, {"shots": 8192, "success": true, "status": null, "seed": null, "meas_level": 2, "meas_return": null, "header": {"qubit_labels": [["q", 0], ["q", 1], ["q", 2], ["q", 3], ["q", 4], ["q", 5], ["q", 6]], "n_qubits": 7, "qreg_sizes": [["q", 7]], "clbit_labels": [["meas", 0]], "memory_slots": 1, "creg_sizes": [["meas", 1]], "name": "circuit_gate_set_1_45", "global_phase": 2.356194490192344, "metadata": {}}, "data": {"counts": {"0x0": 4126, "0x1": 4066}, "snapshots": null, "memory": null, "statevector": null, "unitary": null}}, {"shots": 8192, "success": true, "status": null, "seed": null, "meas_level": 2, "meas_return": null, "header": {"qubit_labels": [["q", 0], ["q", 1], ["q", 2], ["q", 3], ["q", 4], ["q", 5], ["q", 6]], "n_qubits": 7, "qreg_sizes": [["q", 7]], "clbit_labels": [["meas", 0]], "memory_slots": 1, "creg_sizes": [["meas", 1]], "name": "circuit_gate_set_1_46", "global_phase": 2.3561944901923457, "metadata": {}}, "data": {"counts": {"0x0": 4294, "0x1": 3898}, "snapshots": null, "memory": null, "statevector": null, "unitary": null}}, {"shots": 8192, "success": true, "status": null, "seed": null, "meas_level": 2, "meas_return": null, "header": {"qubit_labels": [["q", 0], ["q", 1], ["q", 2], ["q", 3], ["q", 4], ["q", 5], ["q", 6]], "n_qubits": 7, "qreg_sizes": [["q", 7]], "clbit_labels": [["meas", 0]], "memory_slots": 1, "creg_sizes": [["meas", 1]], "name": "circuit_gate_set_1_47", "global_phase": 1.5707963267948957, "metadata": {}}, "data": {"counts": {"0x0": 8043, "0x1": 149}, "snapshots": null, "memory": null, "statevector": null, "unitary": null}}, {"shots": 8192, "success": true, "status": null, "seed": null, "meas_level": 2, "meas_return": null, "header": {"qubit_labels": [["q", 0], ["q", 1], ["q", 2], ["q", 3], ["q", 4], ["q", 5], ["q", 6]], "n_qubits": 7, "qreg_sizes": [["q", 7]], "clbit_labels": [["meas", 0]], "memory_slots": 1, "creg_sizes": [["meas", 1]], "name": "circuit_gate_set_1_48", "global_phase": 2.356194490192344, "metadata": {}}, "data": {"counts": {"0x0": 4270, "0x1": 3922}, "snapshots": null, "memory": null, "statevector": null, "unitary": null}}, {"shots": 8192, "success": true, "status": null, "seed": null, "meas_level": 2, "meas_return": null, "header": {"qubit_labels": [["q", 0], ["q", 1], ["q", 2], ["q", 3], ["q", 4], ["q", 5], ["q", 6]], "n_qubits": 7, "qreg_sizes": [["q", 7]], "clbit_labels": [["meas", 0]], "memory_slots": 1, "creg_sizes": [["meas", 1]], "name": "circuit_gate_set_1_49", "global_phase": 0.7853981633974483, "metadata": {}}, "data": {"counts": {"0x0": 4489, "0x1": 3703}, "snapshots": null, "memory": null, "statevector": null, "unitary": null}}, {"shots": 8192, "success": true, "status": null, "seed": null, "meas_level": 2, "meas_return": null, "header": {"qubit_labels": [["q", 0], ["q", 1], ["q", 2], ["q", 3], ["q", 4], ["q", 5], ["q", 6]], "n_qubits": 7, "qreg_sizes": [["q", 7]], "clbit_labels": [["meas", 0]], "memory_slots": 1, "creg_sizes": [["meas", 1]], "name": "circuit_gate_set_1_50", "global_phase": 0.7853981633974492, "metadata": {}}, "data": {"counts": {"0x0": 4413, "0x1": 3779}, "snapshots": null, "memory": null, "statevector": null, "unitary": null}}, {"shots": 8192, "success": true, "status": null, "seed": null, "meas_level": 2, "meas_return": null, "header": {"qubit_labels": [["q", 0], ["q", 1], ["q", 2], ["q", 3], ["q", 4], ["q", 5], ["q", 6]], "n_qubits": 7, "qreg_sizes": [["q", 7]], "clbit_labels": [["meas", 0]], "memory_slots": 1, "creg_sizes": [["meas", 1]], "name": "circuit_gate_set_1_51", "global_phase": 1.5707963267948966, "metadata": {}}, "data": {"counts": {"0x0": 646, "0x1": 7546}, "snapshots": null, "memory": null, "statevector": null, "unitary": null}}, {"shots": 8192, "success": true, "status": null, "seed": null, "meas_level": 2, "meas_return": null, "header": {"qubit_labels": [["q", 0], ["q", 1], ["q", 2], ["q", 3], ["q", 4], ["q", 5], ["q", 6]], "n_qubits": 7, "qreg_sizes": [["q", 7]], "clbit_labels": [["meas", 0]], "memory_slots": 1, "creg_sizes": [["meas", 1]], "name": "circuit_gate_set_1_52", "global_phase": 0.7853981633974483, "metadata": {}}, "data": {"counts": {"0x0": 4454, "0x1": 3738}, "snapshots": null, "memory": null, "statevector": null, "unitary": null}}, {"shots": 8192, "success": true, "status": null, "seed": null, "meas_level": 2, "meas_return": null, "header": {"qubit_labels": [["q", 0], ["q", 1], ["q", 2], ["q", 3], ["q", 4], ["q", 5], ["q", 6]], "n_qubits": 7, "qreg_sizes": [["q", 7]], "clbit_labels": [["meas", 0]], "memory_slots": 1, "creg_sizes": [["meas", 1]], "name": "circuit_gate_set_1_53", "global_phase": 2.3561944901923457, "metadata": {}}, "data": {"counts": {"0x0": 4246, "0x1": 3946}, "snapshots": null, "memory": null, "statevector": null, "unitary": null}}, {"shots": 8192, "success": true, "status": null, "seed": null, "meas_level": 2, "meas_return": null, "header": {"qubit_labels": [["q", 0], ["q", 1], ["q", 2], ["q", 3], ["q", 4], ["q", 5], ["q", 6]], "n_qubits": 7, "qreg_sizes": [["q", 7]], "clbit_labels": [["meas", 0]], "memory_slots": 1, "creg_sizes": [["meas", 1]], "name": "circuit_gate_set_1_54", "global_phase": 5.497787143782137, "metadata": {}}, "data": {"counts": {"0x0": 4463, "0x1": 3729}, "snapshots": null, "memory": null, "statevector": null, "unitary": null}}, {"shots": 8192, "success": true, "status": null, "seed": null, "meas_level": 2, "meas_return": null, "header": {"qubit_labels": [["q", 0], ["q", 1], ["q", 2], ["q", 3], ["q", 4], ["q", 5], ["q", 6]], "n_qubits": 7, "qreg_sizes": [["q", 7]], "clbit_labels": [["meas", 0]], "memory_slots": 1, "creg_sizes": [["meas", 1]], "name": "circuit_gate_set_1_55", "global_phase": 1.5707963267948966, "metadata": {}}, "data": {"counts": {"0x0": 8009, "0x1": 183}, "snapshots": null, "memory": null, "statevector": null, "unitary": null}}, {"shots": 8192, "success": true, "status": null, "seed": null, "meas_level": 2, "meas_return": null, "header": {"qubit_labels": [["q", 0], ["q", 1], ["q", 2], ["q", 3], ["q", 4], ["q", 5], ["q", 6]], "n_qubits": 7, "qreg_sizes": [["q", 7]], "clbit_labels": [["meas", 0]], "memory_slots": 1, "creg_sizes": [["meas", 1]], "name": "circuit_gate_set_1_56", "global_phase": 0.7853981633974492, "metadata": {}}, "data": {"counts": {"0x0": 4477, "0x1": 3715}, "snapshots": null, "memory": null, "statevector": null, "unitary": null}}, {"shots": 8192, "success": true, "status": null, "seed": null, "meas_level": 2, "meas_return": null, "header": {"qubit_labels": [["q", 0], ["q", 1], ["q", 2], ["q", 3], ["q", 4], ["q", 5], ["q", 6]], "n_qubits": 7, "qreg_sizes": [["q", 7]], "clbit_labels": [["meas", 0]], "memory_slots": 1, "creg_sizes": [["meas", 1]], "name": "circuit_gate_set_1_57", "global_phase": 5.497787143782138, "metadata": {}}, "data": {"counts": {"0x0": 4355, "0x1": 3837}, "snapshots": null, "memory": null, "statevector": null, "unitary": null}}, {"shots": 8192, "success": true, "status": null, "seed": null, "meas_level": 2, "meas_return": null, "header": {"qubit_labels": [["q", 0], ["q", 1], ["q", 2], ["q", 3], ["q", 4], ["q", 5], ["q", 6]], "n_qubits": 7, "qreg_sizes": [["q", 7]], "clbit_labels": [["meas", 0]], "memory_slots": 1, "creg_sizes": [["meas", 1]], "name": "circuit_gate_set_1_58", "global_phase": 0.0, "metadata": {}}, "data": {"counts": {"0x0": 8018, "0x1": 174}, "snapshots": null, "memory": null, "statevector": null, "unitary": null}}, {"shots": 8192, "success": true, "status": null, "seed": null, "meas_level": 2, "meas_return": null, "header": {"qubit_labels": [["q", 0], ["q", 1], ["q", 2], ["q", 3], ["q", 4], ["q", 5], ["q", 6]], "n_qubits": 7, "qreg_sizes": [["q", 7]], "clbit_labels": [["meas", 0]], "memory_slots": 1, "creg_sizes": [["meas", 1]], "name": "circuit_gate_set_1_59", "global_phase": 0.7853981633974483, "metadata": {}}, "data": {"counts": {"0x0": 4204, "0x1": 3988}, "snapshots": null, "memory": null, "statevector": null, "unitary": null}}, {"shots": 8192, "success": true, "status": null, "seed": null, "meas_level": 2, "meas_return": null, "header": {"qubit_labels": [["q", 0], ["q", 1], ["q", 2], ["q", 3], ["q", 4], ["q", 5], ["q", 6]], "n_qubits": 7, "qreg_sizes": [["q", 7]], "clbit_labels": [["meas", 0]], "memory_slots": 1, "creg_sizes": [["meas", 1]], "name": "circuit_gate_set_1_60", "global_phase": 1.5707963267948966, "metadata": {}}, "data": {"counts": {"0x0": 658, "0x1": 7534}, "snapshots": null, "memory": null, "statevector": null, "unitary": null}}, {"shots": 8192, "success": true, "status": null, "seed": null, "meas_level": 2, "meas_return": null, "header": {"qubit_labels": [["q", 0], ["q", 1], ["q", 2], ["q", 3], ["q", 4], ["q", 5], ["q", 6]], "n_qubits": 7, "qreg_sizes": [["q", 7]], "clbit_labels": [["meas", 0]], "memory_slots": 1, "creg_sizes": [["meas", 1]], "name": "circuit_gate_set_1_61", "global_phase": 1.5707963267948966, "metadata": {}}, "data": {"counts": {"0x0": 8044, "0x1": 148}, "snapshots": null, "memory": null, "statevector": null, "unitary": null}}, {"shots": 8192, "success": true, "status": null, "seed": null, "meas_level": 2, "meas_return": null, "header": {"qubit_labels": [["q", 0], ["q", 1], ["q", 2], ["q", 3], ["q", 4], ["q", 5], ["q", 6]], "n_qubits": 7, "qreg_sizes": [["q", 7]], "clbit_labels": [["meas", 0]], "memory_slots": 1, "creg_sizes": [["meas", 1]], "name": "circuit_gate_set_1_62", "global_phase": 0.7853981633974483, "metadata": {}}, "data": {"counts": {"0x0": 4531, "0x1": 3661}, "snapshots": null, "memory": null, "statevector": null, "unitary": null}}, {"shots": 8192, "success": true, "status": null, "seed": null, "meas_level": 2, "meas_return": null, "header": {"qubit_labels": [["q", 0], ["q", 1], ["q", 2], ["q", 3], ["q", 4], ["q", 5], ["q", 6]], "n_qubits": 7, "qreg_sizes": [["q", 7]], "clbit_labels": [["meas", 0]], "memory_slots": 1, "creg_sizes": [["meas", 1]], "name": "circuit_gate_set_1_63", "global_phase": 2.356194490192345, "metadata": {}}, "data": {"counts": {"0x0": 4420, "0x1": 3772}, "snapshots": null, "memory": null, "statevector": null, "unitary": null}}, {"shots": 8192, "success": true, "status": null, "seed": null, "meas_level": 2, "meas_return": null, "header": {"qubit_labels": [["q", 0], ["q", 1], ["q", 2], ["q", 3], ["q", 4], ["q", 5], ["q", 6]], "n_qubits": 7, "qreg_sizes": [["q", 7]], "clbit_labels": [["c", 0], ["c", 1]], "memory_slots": 2, "creg_sizes": [["c", 2]], "name": "circuit_mpt_1_1_0_0", "global_phase": 0.0, "metadata": {}}, "data": {"counts": {"0x0": 7780, "0x1": 78, "0x2": 279, "0x3": 55}, "snapshots": null, "memory": null, "statevector": null, "unitary": null}}, {"shots": 8192, "success": true, "status": null, "seed": null, "meas_level": 2, "meas_return": null, "header": {"qubit_labels": [["q", 0], ["q", 1], ["q", 2], ["q", 3], ["q", 4], ["q", 5], ["q", 6]], "n_qubits": 7, "qreg_sizes": [["q", 7]], "clbit_labels": [["c", 0], ["c", 1]], "memory_slots": 2, "creg_sizes": [["c", 2]], "name": "circuit_mpt_1_1_0_1", "global_phase": 0.7853981633974483, "metadata": {}}, "data": {"counts": {"0x0": 4236, "0x1": 82, "0x2": 3795, "0x3": 79}, "snapshots": null, "memory": null, "statevector": null, "unitary": null}}, {"shots": 8192, "success": true, "status": null, "seed": null, "meas_level": 2, "meas_return": null, "header": {"qubit_labels": [["q", 0], ["q", 1], ["q", 2], ["q", 3], ["q", 4], ["q", 5], ["q", 6]], "n_qubits": 7, "qreg_sizes": [["q", 7]], "clbit_labels": [["c", 0], ["c", 1]], "memory_slots": 2, "creg_sizes": [["c", 2]], "name": "circuit_mpt_1_1_0_2", "global_phase": 2.356194490192344, "metadata": {}}, "data": {"counts": {"0x0": 4199, "0x1": 79, "0x2": 3824, "0x3": 90}, "snapshots": null, "memory": null, "statevector": null, "unitary": null}}, {"shots": 8192, "success": true, "status": null, "seed": null, "meas_level": 2, "meas_return": null, "header": {"qubit_labels": [["q", 0], ["q", 1], ["q", 2], ["q", 3], ["q", 4], ["q", 5], ["q", 6]], "n_qubits": 7, "qreg_sizes": [["q", 7]], "clbit_labels": [["c", 0], ["c", 1]], "memory_slots": 2, "creg_sizes": [["c", 2]], "name": "circuit_mpt_1_1_1_0", "global_phase": 0.0, "metadata": {}}, "data": {"counts": {"0x0": 269, "0x1": 847, "0x2": 331, "0x3": 6745}, "snapshots": null, "memory": null, "statevector": null, "unitary": null}}, {"shots": 8192, "success": true, "status": null, "seed": null, "meas_level": 2, "meas_return": null, "header": {"qubit_labels": [["q", 0], ["q", 1], ["q", 2], ["q", 3], ["q", 4], ["q", 5], ["q", 6]], "n_qubits": 7, "qreg_sizes": [["q", 7]], "clbit_labels": [["c", 0], ["c", 1]], "memory_slots": 2, "creg_sizes": [["c", 2]], "name": "circuit_mpt_1_1_1_1", "global_phase": 0.7853981633974483, "metadata": {}}, "data": {"counts": {"0x0": 335, "0x1": 3947, "0x2": 296, "0x3": 3614}, "snapshots": null, "memory": null, "statevector": null, "unitary": null}}, {"shots": 8192, "success": true, "status": null, "seed": null, "meas_level": 2, "meas_return": null, "header": {"qubit_labels": [["q", 0], ["q", 1], ["q", 2], ["q", 3], ["q", 4], ["q", 5], ["q", 6]], "n_qubits": 7, "qreg_sizes": [["q", 7]], "clbit_labels": [["c", 0], ["c", 1]], "memory_slots": 2, "creg_sizes": [["c", 2]], "name": "circuit_mpt_1_1_1_2", "global_phase": 2.356194490192344, "metadata": {}}, "data": {"counts": {"0x0": 327, "0x1": 3831, "0x2": 296, "0x3": 3738}, "snapshots": null, "memory": null, "statevector": null, "unitary": null}}, {"shots": 8192, "success": true, "status": null, "seed": null, "meas_level": 2, "meas_return": null, "header": {"qubit_labels": [["q", 0], ["q", 1], ["q", 2], ["q", 3], ["q", 4], ["q", 5], ["q", 6]], "n_qubits": 7, "qreg_sizes": [["q", 7]], "clbit_labels": [["c", 0], ["c", 1]], "memory_slots": 2, "creg_sizes": [["c", 2]], "name": "circuit_mpt_1_1_2_0", "global_phase": 0.7853981633974483, "metadata": {}}, "data": {"counts": {"0x0": 4142, "0x1": 487, "0x2": 301, "0x3": 3262}, "snapshots": null, "memory": null, "statevector": null, "unitary": null}}, {"shots": 8192, "success": true, "status": null, "seed": null, "meas_level": 2, "meas_return": null, "header": {"qubit_labels": [["q", 0], ["q", 1], ["q", 2], ["q", 3], ["q", 4], ["q", 5], ["q", 6]], "n_qubits": 7, "qreg_sizes": [["q", 7]], "clbit_labels": [["c", 0], ["c", 1]], "memory_slots": 2, "creg_sizes": [["c", 2]], "name": "circuit_mpt_1_1_2_1", "global_phase": 1.5707963267948966, "metadata": {}}, "data": {"counts": {"0x0": 2356, "0x1": 1895, "0x2": 2106, "0x3": 1835}, "snapshots": null, "memory": null, "statevector": null, "unitary": null}}, {"shots": 8192, "success": true, "status": null, "seed": null, "meas_level": 2, "meas_return": null, "header": {"qubit_labels": [["q", 0], ["q", 1], ["q", 2], ["q", 3], ["q", 4], ["q", 5], ["q", 6]], "n_qubits": 7, "qreg_sizes": [["q", 7]], "clbit_labels": [["c", 0], ["c", 1]], "memory_slots": 2, "creg_sizes": [["c", 2]], "name": "circuit_mpt_1_1_2_2", "global_phase": 3.141592653589793, "metadata": {}}, "data": {"counts": {"0x0": 2246, "0x1": 1936, "0x2": 2149, "0x3": 1861}, "snapshots": null, "memory": null, "statevector": null, "unitary": null}}, {"shots": 8192, "success": true, "status": null, "seed": null, "meas_level": 2, "meas_return": null, "header": {"qubit_labels": [["q", 0], ["q", 1], ["q", 2], ["q", 3], ["q", 4], ["q", 5], ["q", 6]], "n_qubits": 7, "qreg_sizes": [["q", 7]], "clbit_labels": [["c", 0], ["c", 1]], "memory_slots": 2, "creg_sizes": [["c", 2]], "name": "circuit_mpt_1_1_3_0", "global_phase": 5.497787143782138, "metadata": {}}, "data": {"counts": {"0x0": 4111, "0x1": 480, "0x2": 337, "0x3": 3264}, "snapshots": null, "memory": null, "statevector": null, "unitary": null}}, {"shots": 8192, "success": true, "status": null, "seed": null, "meas_level": 2, "meas_return": null, "header": {"qubit_labels": [["q", 0], ["q", 1], ["q", 2], ["q", 3], ["q", 4], ["q", 5], ["q", 6]], "n_qubits": 7, "qreg_sizes": [["q", 7]], "clbit_labels": [["c", 0], ["c", 1]], "memory_slots": 2, "creg_sizes": [["c", 2]], "name": "circuit_mpt_1_1_3_1", "global_phase": 0.0, "metadata": {}}, "data": {"counts": {"0x0": 2318, "0x1": 1890, "0x2": 2169, "0x3": 1815}, "snapshots": null, "memory": null, "statevector": null, "unitary": null}}, {"shots": 8192, "success": true, "status": null, "seed": null, "meas_level": 2, "meas_return": null, "header": {"qubit_labels": [["q", 0], ["q", 1], ["q", 2], ["q", 3], ["q", 4], ["q", 5], ["q", 6]], "n_qubits": 7, "qreg_sizes": [["q", 7]], "clbit_labels": [["c", 0], ["c", 1]], "memory_slots": 2, "creg_sizes": [["c", 2]], "name": "circuit_mpt_1_1_3_2", "global_phase": 1.5707963267948974, "metadata": {}}, "data": {"counts": {"0x0": 2305, "0x1": 1962, "0x2": 2103, "0x3": 1822}, "snapshots": null, "memory": null, "statevector": null, "unitary": null}}, {"shots": 8192, "success": true, "status": null, "seed": null, "meas_level": 2, "meas_return": null, "header": {"qubit_labels": [["q", 0], ["q", 1], ["q", 2], ["q", 3], ["q", 4], ["q", 5], ["q", 6]], "n_qubits": 7, "qreg_sizes": [["q", 7]], "clbit_labels": [["c", 0], ["c", 1]], "memory_slots": 2, "creg_sizes": [["c", 2]], "name": "circuit_mpt_1_1_4_0", "global_phase": 2.356194490192344, "metadata": {}}, "data": {"counts": {"0x0": 3900, "0x1": 457, "0x2": 343, "0x3": 3492}, "snapshots": null, "memory": null, "statevector": null, "unitary": null}}, {"shots": 8192, "success": true, "status": null, "seed": null, "meas_level": 2, "meas_return": null, "header": {"qubit_labels": [["q", 0], ["q", 1], ["q", 2], ["q", 3], ["q", 4], ["q", 5], ["q", 6]], "n_qubits": 7, "qreg_sizes": [["q", 7]], "clbit_labels": [["c", 0], ["c", 1]], "memory_slots": 2, "creg_sizes": [["c", 2]], "name": "circuit_mpt_1_1_4_1", "global_phase": 3.1415926535897922, "metadata": {}}, "data": {"counts": {"0x0": 2177, "0x1": 2082, "0x2": 2066, "0x3": 1867}, "snapshots": null, "memory": null, "statevector": null, "unitary": null}}, {"shots": 8192, "success": true, "status": null, "seed": null, "meas_level": 2, "meas_return": null, "header": {"qubit_labels": [["q", 0], ["q", 1], ["q", 2], ["q", 3], ["q", 4], ["q", 5], ["q", 6]], "n_qubits": 7, "qreg_sizes": [["q", 7]], "clbit_labels": [["c", 0], ["c", 1]], "memory_slots": 2, "creg_sizes": [["c", 2]], "name": "circuit_mpt_1_1_4_2", "global_phase": 4.71238898038469, "metadata": {}}, "data": {"counts": {"0x0": 2182, "0x1": 2032, "0x2": 2052, "0x3": 1926}, "snapshots": null, "memory": null, "statevector": null, "unitary": null}}, {"shots": 8192, "success": true, "status": null, "seed": null, "meas_level": 2, "meas_return": null, "header": {"qubit_labels": [["q", 0], ["q", 1], ["q", 2], ["q", 3], ["q", 4], ["q", 5], ["q", 6]], "n_qubits": 7, "qreg_sizes": [["q", 7]], "clbit_labels": [["c", 0], ["c", 1]], "memory_slots": 2, "creg_sizes": [["c", 2]], "name": "circuit_mpt_1_1_5_0", "global_phase": 0.7853981633974483, "metadata": {}}, "data": {"counts": {"0x0": 4116, "0x1": 480, "0x2": 314, "0x3": 3282}, "snapshots": null, "memory": null, "statevector": null, "unitary": null}}, {"shots": 8192, "success": true, "status": null, "seed": null, "meas_level": 2, "meas_return": null, "header": {"qubit_labels": [["q", 0], ["q", 1], ["q", 2], ["q", 3], ["q", 4], ["q", 5], ["q", 6]], "n_qubits": 7, "qreg_sizes": [["q", 7]], "clbit_labels": [["c", 0], ["c", 1]], "memory_slots": 2, "creg_sizes": [["c", 2]], "name": "circuit_mpt_1_1_5_1", "global_phase": 1.5707963267948966, "metadata": {}}, "data": {"counts": {"0x0": 2357, "0x1": 1940, "0x2": 2118, "0x3": 1777}, "snapshots": null, "memory": null, "statevector": null, "unitary": null}}, {"shots": 8192, "success": true, "status": null, "seed": null, "meas_level": 2, "meas_return": null, "header": {"qubit_labels": [["q", 0], ["q", 1], ["q", 2], ["q", 3], ["q", 4], ["q", 5], ["q", 6]], "n_qubits": 7, "qreg_sizes": [["q", 7]], "clbit_labels": [["c", 0], ["c", 1]], "memory_slots": 2, "creg_sizes": [["c", 2]], "name": "circuit_mpt_1_1_5_2", "global_phase": 3.141592653589793, "metadata": {}}, "data": {"counts": {"0x0": 2347, "0x1": 1875, "0x2": 2117, "0x3": 1853}, "snapshots": null, "memory": null, "statevector": null, "unitary": null}}, {"shots": 8192, "success": true, "status": null, "seed": null, "meas_level": 2, "meas_return": null, "header": {"qubit_labels": [["q", 0], ["q", 1], ["q", 2], ["q", 3], ["q", 4], ["q", 5], ["q", 6]], "n_qubits": 7, "qreg_sizes": [["q", 7]], "clbit_labels": [["cr0", 0], ["cr1", 0]], "memory_slots": 2, "creg_sizes": [["cr0", 1], ["cr1", 1]], "name": "circuit_mpt_1_1_0_0_0_0", "global_phase": 0.0, "metadata": {}}, "data": {"counts": {"0x0": 7554, "0x1": 136, "0x2": 477, "0x3": 25}, "snapshots": null, "memory": null, "statevector": null, "unitary": null}}, {"shots": 8192, "success": true, "status": null, "seed": null, "meas_level": 2, "meas_return": null, "header": {"qubit_labels": [["q", 0], ["q", 1], ["q", 2], ["q", 3], ["q", 4], ["q", 5], ["q", 6]], "n_qubits": 7, "qreg_sizes": [["q", 7]], "clbit_labels": [["cr0", 0], ["cr1", 0]], "memory_slots": 2, "creg_sizes": [["cr0", 1], ["cr1", 1]], "name": "circuit_mpt_1_1_0_0_0_1", "global_phase": 0.7853981633974483, "metadata": {}}, "data": {"counts": {"0x0": 4316, "0x1": 66, "0x2": 3739, "0x3": 71}, "snapshots": null, "memory": null, "statevector": null, "unitary": null}}, {"shots": 8192, "success": true, "status": null, "seed": null, "meas_level": 2, "meas_return": null, "header": {"qubit_labels": [["q", 0], ["q", 1], ["q", 2], ["q", 3], ["q", 4], ["q", 5], ["q", 6]], "n_qubits": 7, "qreg_sizes": [["q", 7]], "clbit_labels": [["cr0", 0], ["cr1", 0]], "memory_slots": 2, "creg_sizes": [["cr0", 1], ["cr1", 1]], "name": "circuit_mpt_1_1_0_0_0_2", "global_phase": 2.356194490192344, "metadata": {}}, "data": {"counts": {"0x0": 4242, "0x1": 76, "0x2": 3802, "0x3": 72}, "snapshots": null, "memory": null, "statevector": null, "unitary": null}}, {"shots": 8192, "success": true, "status": null, "seed": null, "meas_level": 2, "meas_return": null, "header": {"qubit_labels": [["q", 0], ["q", 1], ["q", 2], ["q", 3], ["q", 4], ["q", 5], ["q", 6]], "n_qubits": 7, "qreg_sizes": [["q", 7]], "clbit_labels": [["cr0", 0], ["cr1", 0]], "memory_slots": 2, "creg_sizes": [["cr0", 1], ["cr1", 1]], "name": "circuit_mpt_1_1_0_0_1_0", "global_phase": 0.0, "metadata": {}}, "data": {"counts": {"0x0": 522, "0x1": 6750, "0x2": 60, "0x3": 860}, "snapshots": null, "memory": null, "statevector": null, "unitary": null}}, {"shots": 8192, "success": true, "status": null, "seed": null, "meas_level": 2, "meas_return": null, "header": {"qubit_labels": [["q", 0], ["q", 1], ["q", 2], ["q", 3], ["q", 4], ["q", 5], ["q", 6]], "n_qubits": 7, "qreg_sizes": [["q", 7]], "clbit_labels": [["cr0", 0], ["cr1", 0]], "memory_slots": 2, "creg_sizes": [["cr0", 1], ["cr1", 1]], "name": "circuit_mpt_1_1_0_0_1_1", "global_phase": 0.7853981633974483, "metadata": {}}, "data": {"counts": {"0x0": 328, "0x1": 4032, "0x2": 294, "0x3": 3538}, "snapshots": null, "memory": null, "statevector": null, "unitary": null}}, {"shots": 8192, "success": true, "status": null, "seed": null, "meas_level": 2, "meas_return": null, "header": {"qubit_labels": [["q", 0], ["q", 1], ["q", 2], ["q", 3], ["q", 4], ["q", 5], ["q", 6]], "n_qubits": 7, "qreg_sizes": [["q", 7]], "clbit_labels": [["cr0", 0], ["cr1", 0]], "memory_slots": 2, "creg_sizes": [["cr0", 1], ["cr1", 1]], "name": "circuit_mpt_1_1_0_0_1_2", "global_phase": 2.356194490192344, "metadata": {}}, "data": {"counts": {"0x0": 325, "0x1": 3879, "0x2": 323, "0x3": 3665}, "snapshots": null, "memory": null, "statevector": null, "unitary": null}}, {"shots": 8192, "success": true, "status": null, "seed": null, "meas_level": 2, "meas_return": null, "header": {"qubit_labels": [["q", 0], ["q", 1], ["q", 2], ["q", 3], ["q", 4], ["q", 5], ["q", 6]], "n_qubits": 7, "qreg_sizes": [["q", 7]], "clbit_labels": [["cr0", 0], ["cr1", 0]], "memory_slots": 2, "creg_sizes": [["cr0", 1], ["cr1", 1]], "name": "circuit_mpt_1_1_0_0_2_0", "global_phase": 0.7853981633974483, "metadata": {}}, "data": {"counts": {"0x0": 4075, "0x1": 3341, "0x2": 293, "0x3": 483}, "snapshots": null, "memory": null, "statevector": null, "unitary": null}}, {"shots": 8192, "success": true, "status": null, "seed": null, "meas_level": 2, "meas_return": null, "header": {"qubit_labels": [["q", 0], ["q", 1], ["q", 2], ["q", 3], ["q", 4], ["q", 5], ["q", 6]], "n_qubits": 7, "qreg_sizes": [["q", 7]], "clbit_labels": [["cr0", 0], ["cr1", 0]], "memory_slots": 2, "creg_sizes": [["cr0", 1], ["cr1", 1]], "name": "circuit_mpt_1_1_0_0_2_1", "global_phase": 1.5707963267948966, "metadata": {}}, "data": {"counts": {"0x0": 2267, "0x1": 1972, "0x2": 2136, "0x3": 1817}, "snapshots": null, "memory": null, "statevector": null, "unitary": null}}, {"shots": 8192, "success": true, "status": null, "seed": null, "meas_level": 2, "meas_return": null, "header": {"qubit_labels": [["q", 0], ["q", 1], ["q", 2], ["q", 3], ["q", 4], ["q", 5], ["q", 6]], "n_qubits": 7, "qreg_sizes": [["q", 7]], "clbit_labels": [["cr0", 0], ["cr1", 0]], "memory_slots": 2, "creg_sizes": [["cr0", 1], ["cr1", 1]], "name": "circuit_mpt_1_1_0_0_2_2", "global_phase": 3.141592653589793, "metadata": {}}, "data": {"counts": {"0x0": 2288, "0x1": 1897, "0x2": 2154, "0x3": 1853}, "snapshots": null, "memory": null, "statevector": null, "unitary": null}}, {"shots": 8192, "success": true, "status": null, "seed": null, "meas_level": 2, "meas_return": null, "header": {"qubit_labels": [["q", 0], ["q", 1], ["q", 2], ["q", 3], ["q", 4], ["q", 5], ["q", 6]], "n_qubits": 7, "qreg_sizes": [["q", 7]], "clbit_labels": [["cr0", 0], ["cr1", 0]], "memory_slots": 2, "creg_sizes": [["cr0", 1], ["cr1", 1]], "name": "circuit_mpt_1_1_0_0_3_0", "global_phase": 5.497787143782138, "metadata": {}}, "data": {"counts": {"0x0": 4123, "0x1": 3373, "0x2": 273, "0x3": 423}, "snapshots": null, "memory": null, "statevector": null, "unitary": null}}, {"shots": 8192, "success": true, "status": null, "seed": null, "meas_level": 2, "meas_return": null, "header": {"qubit_labels": [["q", 0], ["q", 1], ["q", 2], ["q", 3], ["q", 4], ["q", 5], ["q", 6]], "n_qubits": 7, "qreg_sizes": [["q", 7]], "clbit_labels": [["cr0", 0], ["cr1", 0]], "memory_slots": 2, "creg_sizes": [["cr0", 1], ["cr1", 1]], "name": "circuit_mpt_1_1_0_0_3_1", "global_phase": 0.0, "metadata": {}}, "data": {"counts": {"0x0": 2367, "0x1": 1960, "0x2": 2062, "0x3": 1803}, "snapshots": null, "memory": null, "statevector": null, "unitary": null}}, {"shots": 8192, "success": true, "status": null, "seed": null, "meas_level": 2, "meas_return": null, "header": {"qubit_labels": [["q", 0], ["q", 1], ["q", 2], ["q", 3], ["q", 4], ["q", 5], ["q", 6]], "n_qubits": 7, "qreg_sizes": [["q", 7]], "clbit_labels": [["cr0", 0], ["cr1", 0]], "memory_slots": 2, "creg_sizes": [["cr0", 1], ["cr1", 1]], "name": "circuit_mpt_1_1_0_0_3_2", "global_phase": 1.5707963267948974, "metadata": {}}, "data": {"counts": {"0x0": 2355, "0x1": 1917, "0x2": 2116, "0x3": 1804}, "snapshots": null, "memory": null, "statevector": null, "unitary": null}}, {"shots": 8192, "success": true, "status": null, "seed": null, "meas_level": 2, "meas_return": null, "header": {"qubit_labels": [["q", 0], ["q", 1], ["q", 2], ["q", 3], ["q", 4], ["q", 5], ["q", 6]], "n_qubits": 7, "qreg_sizes": [["q", 7]], "clbit_labels": [["cr0", 0], ["cr1", 0]], "memory_slots": 2, "creg_sizes": [["cr0", 1], ["cr1", 1]], "name": "circuit_mpt_1_1_0_0_4_0", "global_phase": 2.356194490192344, "metadata": {}}, "data": {"counts": {"0x0": 3949, "0x1": 3494, "0x2": 265, "0x3": 484}, "snapshots": null, "memory": null, "statevector": null, "unitary": null}}, {"shots": 8192, "success": true, "status": null, "seed": null, "meas_level": 2, "meas_return": null, "header": {"qubit_labels": [["q", 0], ["q", 1], ["q", 2], ["q", 3], ["q", 4], ["q", 5], ["q", 6]], "n_qubits": 7, "qreg_sizes": [["q", 7]], "clbit_labels": [["cr0", 0], ["cr1", 0]], "memory_slots": 2, "creg_sizes": [["cr0", 1], ["cr1", 1]], "name": "circuit_mpt_1_1_0_0_4_1", "global_phase": 3.1415926535897922, "metadata": {}}, "data": {"counts": {"0x0": 2178, "0x1": 2047, "0x2": 2020, "0x3": 1947}, "snapshots": null, "memory": null, "statevector": null, "unitary": null}}, {"shots": 8192, "success": true, "status": null, "seed": null, "meas_level": 2, "meas_return": null, "header": {"qubit_labels": [["q", 0], ["q", 1], ["q", 2], ["q", 3], ["q", 4], ["q", 5], ["q", 6]], "n_qubits": 7, "qreg_sizes": [["q", 7]], "clbit_labels": [["cr0", 0], ["cr1", 0]], "memory_slots": 2, "creg_sizes": [["cr0", 1], ["cr1", 1]], "name": "circuit_mpt_1_1_0_0_4_2", "global_phase": 4.71238898038469, "metadata": {}}, "data": {"counts": {"0x0": 2166, "0x1": 1995, "0x2": 2097, "0x3": 1934}, "snapshots": null, "memory": null, "statevector": null, "unitary": null}}, {"shots": 8192, "success": true, "status": null, "seed": null, "meas_level": 2, "meas_return": null, "header": {"qubit_labels": [["q", 0], ["q", 1], ["q", 2], ["q", 3], ["q", 4], ["q", 5], ["q", 6]], "n_qubits": 7, "qreg_sizes": [["q", 7]], "clbit_labels": [["cr0", 0], ["cr1", 0]], "memory_slots": 2, "creg_sizes": [["cr0", 1], ["cr1", 1]], "name": "circuit_mpt_1_1_0_0_5_0", "global_phase": 0.7853981633974483, "metadata": {}}, "data": {"counts": {"0x0": 4132, "0x1": 3335, "0x2": 258, "0x3": 467}, "snapshots": null, "memory": null, "statevector": null, "unitary": null}}, {"shots": 8192, "success": true, "status": null, "seed": null, "meas_level": 2, "meas_return": null, "header": {"qubit_labels": [["q", 0], ["q", 1], ["q", 2], ["q", 3], ["q", 4], ["q", 5], ["q", 6]], "n_qubits": 7, "qreg_sizes": [["q", 7]], "clbit_labels": [["cr0", 0], ["cr1", 0]], "memory_slots": 2, "creg_sizes": [["cr0", 1], ["cr1", 1]], "name": "circuit_mpt_1_1_0_0_5_1", "global_phase": 1.5707963267948966, "metadata": {}}, "data": {"counts": {"0x0": 2318, "0x1": 1974, "0x2": 2117, "0x3": 1783}, "snapshots": null, "memory": null, "statevector": null, "unitary": null}}, {"shots": 8192, "success": true, "status": null, "seed": null, "meas_level": 2, "meas_return": null, "header": {"qubit_labels": [["q", 0], ["q", 1], ["q", 2], ["q", 3], ["q", 4], ["q", 5], ["q", 6]], "n_qubits": 7, "qreg_sizes": [["q", 7]], "clbit_labels": [["cr0", 0], ["cr1", 0]], "memory_slots": 2, "creg_sizes": [["cr0", 1], ["cr1", 1]], "name": "circuit_mpt_1_1_0_0_5_2", "global_phase": 3.141592653589793, "metadata": {}}, "data": {"counts": {"0x0": 2298, "0x1": 1947, "0x2": 2134, "0x3": 1813}, "snapshots": null, "memory": null, "statevector": null, "unitary": null}}, {"shots": 8192, "success": true, "status": null, "seed": null, "meas_level": 2, "meas_return": null, "header": {"qubit_labels": [["q", 0], ["q", 1], ["q", 2], ["q", 3], ["q", 4], ["q", 5], ["q", 6]], "n_qubits": 7, "qreg_sizes": [["q", 7]], "clbit_labels": [["cr0", 0], ["cr1", 0]], "memory_slots": 2, "creg_sizes": [["cr0", 1], ["cr1", 1]], "name": "circuit_mpt_1_1_0_1_0_0", "global_phase": 0.0, "metadata": {}}, "data": {"counts": {"0x0": 7537, "0x1": 127, "0x2": 517, "0x3": 11}, "snapshots": null, "memory": null, "statevector": null, "unitary": null}}, {"shots": 8192, "success": true, "status": null, "seed": null, "meas_level": 2, "meas_return": null, "header": {"qubit_labels": [["q", 0], ["q", 1], ["q", 2], ["q", 3], ["q", 4], ["q", 5], ["q", 6]], "n_qubits": 7, "qreg_sizes": [["q", 7]], "clbit_labels": [["cr0", 0], ["cr1", 0]], "memory_slots": 2, "creg_sizes": [["cr0", 1], ["cr1", 1]], "name": "circuit_mpt_1_1_0_1_0_1", "global_phase": 0.7853981633974483, "metadata": {}}, "data": {"counts": {"0x0": 4131, "0x1": 74, "0x2": 3910, "0x3": 77}, "snapshots": null, "memory": null, "statevector": null, "unitary": null}}, {"shots": 8192, "success": true, "status": null, "seed": null, "meas_level": 2, "meas_return": null, "header": {"qubit_labels": [["q", 0], ["q", 1], ["q", 2], ["q", 3], ["q", 4], ["q", 5], ["q", 6]], "n_qubits": 7, "qreg_sizes": [["q", 7]], "clbit_labels": [["cr0", 0], ["cr1", 0]], "memory_slots": 2, "creg_sizes": [["cr0", 1], ["cr1", 1]], "name": "circuit_mpt_1_1_0_1_0_2", "global_phase": 2.356194490192344, "metadata": {}}, "data": {"counts": {"0x0": 4131, "0x1": 85, "0x2": 3878, "0x3": 98}, "snapshots": null, "memory": null, "statevector": null, "unitary": null}}, {"shots": 8192, "success": true, "status": null, "seed": null, "meas_level": 2, "meas_return": null, "header": {"qubit_labels": [["q", 0], ["q", 1], ["q", 2], ["q", 3], ["q", 4], ["q", 5], ["q", 6]], "n_qubits": 7, "qreg_sizes": [["q", 7]], "clbit_labels": [["cr0", 0], ["cr1", 0]], "memory_slots": 2, "creg_sizes": [["cr0", 1], ["cr1", 1]], "name": "circuit_mpt_1_1_0_1_1_0", "global_phase": 0.0, "metadata": {}}, "data": {"counts": {"0x0": 569, "0x1": 6662, "0x2": 52, "0x3": 909}, "snapshots": null, "memory": null, "statevector": null, "unitary": null}}, {"shots": 8192, "success": true, "status": null, "seed": null, "meas_level": 2, "meas_return": null, "header": {"qubit_labels": [["q", 0], ["q", 1], ["q", 2], ["q", 3], ["q", 4], ["q", 5], ["q", 6]], "n_qubits": 7, "qreg_sizes": [["q", 7]], "clbit_labels": [["cr0", 0], ["cr1", 0]], "memory_slots": 2, "creg_sizes": [["cr0", 1], ["cr1", 1]], "name": "circuit_mpt_1_1_0_1_1_1", "global_phase": 0.7853981633974483, "metadata": {}}, "data": {"counts": {"0x0": 305, "0x1": 4059, "0x2": 277, "0x3": 3551}, "snapshots": null, "memory": null, "statevector": null, "unitary": null}}, {"shots": 8192, "success": true, "status": null, "seed": null, "meas_level": 2, "meas_return": null, "header": {"qubit_labels": [["q", 0], ["q", 1], ["q", 2], ["q", 3], ["q", 4], ["q", 5], ["q", 6]], "n_qubits": 7, "qreg_sizes": [["q", 7]], "clbit_labels": [["cr0", 0], ["cr1", 0]], "memory_slots": 2, "creg_sizes": [["cr0", 1], ["cr1", 1]], "name": "circuit_mpt_1_1_0_1_1_2", "global_phase": 2.356194490192344, "metadata": {}}, "data": {"counts": {"0x0": 338, "0x1": 3809, "0x2": 333, "0x3": 3712}, "snapshots": null, "memory": null, "statevector": null, "unitary": null}}, {"shots": 8192, "success": true, "status": null, "seed": null, "meas_level": 2, "meas_return": null, "header": {"qubit_labels": [["q", 0], ["q", 1], ["q", 2], ["q", 3], ["q", 4], ["q", 5], ["q", 6]], "n_qubits": 7, "qreg_sizes": [["q", 7]], "clbit_labels": [["cr0", 0], ["cr1", 0]], "memory_slots": 2, "creg_sizes": [["cr0", 1], ["cr1", 1]], "name": "circuit_mpt_1_1_0_1_2_0", "global_phase": 0.7853981633974483, "metadata": {}}, "data": {"counts": {"0x0": 4142, "0x1": 3317, "0x2": 299, "0x3": 434}, "snapshots": null, "memory": null, "statevector": null, "unitary": null}}, {"shots": 8192, "success": true, "status": null, "seed": null, "meas_level": 2, "meas_return": null, "header": {"qubit_labels": [["q", 0], ["q", 1], ["q", 2], ["q", 3], ["q", 4], ["q", 5], ["q", 6]], "n_qubits": 7, "qreg_sizes": [["q", 7]], "clbit_labels": [["cr0", 0], ["cr1", 0]], "memory_slots": 2, "creg_sizes": [["cr0", 1], ["cr1", 1]], "name": "circuit_mpt_1_1_0_1_2_1", "global_phase": 1.5707963267948966, "metadata": {}}, "data": {"counts": {"0x0": 2284, "0x1": 2002, "0x2": 2121, "0x3": 1785}, "snapshots": null, "memory": null, "statevector": null, "unitary": null}}, {"shots": 8192, "success": true, "status": null, "seed": null, "meas_level": 2, "meas_return": null, "header": {"qubit_labels": [["q", 0], ["q", 1], ["q", 2], ["q", 3], ["q", 4], ["q", 5], ["q", 6]], "n_qubits": 7, "qreg_sizes": [["q", 7]], "clbit_labels": [["cr0", 0], ["cr1", 0]], "memory_slots": 2, "creg_sizes": [["cr0", 1], ["cr1", 1]], "name": "circuit_mpt_1_1_0_1_2_2", "global_phase": 3.141592653589793, "metadata": {}}, "data": {"counts": {"0x0": 2277, "0x1": 2014, "0x2": 2152, "0x3": 1749}, "snapshots": null, "memory": null, "statevector": null, "unitary": null}}, {"shots": 8192, "success": true, "status": null, "seed": null, "meas_level": 2, "meas_return": null, "header": {"qubit_labels": [["q", 0], ["q", 1], ["q", 2], ["q", 3], ["q", 4], ["q", 5], ["q", 6]], "n_qubits": 7, "qreg_sizes": [["q", 7]], "clbit_labels": [["cr0", 0], ["cr1", 0]], "memory_slots": 2, "creg_sizes": [["cr0", 1], ["cr1", 1]], "name": "circuit_mpt_1_1_0_1_3_0", "global_phase": 5.497787143782138, "metadata": {}}, "data": {"counts": {"0x0": 4131, "0x1": 3345, "0x2": 293, "0x3": 423}, "snapshots": null, "memory": null, "statevector": null, "unitary": null}}, {"shots": 8192, "success": true, "status": null, "seed": null, "meas_level": 2, "meas_return": null, "header": {"qubit_labels": [["q", 0], ["q", 1], ["q", 2], ["q", 3], ["q", 4], ["q", 5], ["q", 6]], "n_qubits": 7, "qreg_sizes": [["q", 7]], "clbit_labels": [["cr0", 0], ["cr1", 0]], "memory_slots": 2, "creg_sizes": [["cr0", 1], ["cr1", 1]], "name": "circuit_mpt_1_1_0_1_3_1", "global_phase": 0.0, "metadata": {}}, "data": {"counts": {"0x0": 2353, "0x1": 1944, "0x2": 2172, "0x3": 1723}, "snapshots": null, "memory": null, "statevector": null, "unitary": null}}, {"shots": 8192, "success": true, "status": null, "seed": null, "meas_level": 2, "meas_return": null, "header": {"qubit_labels": [["q", 0], ["q", 1], ["q", 2], ["q", 3], ["q", 4], ["q", 5], ["q", 6]], "n_qubits": 7, "qreg_sizes": [["q", 7]], "clbit_labels": [["cr0", 0], ["cr1", 0]], "memory_slots": 2, "creg_sizes": [["cr0", 1], ["cr1", 1]], "name": "circuit_mpt_1_1_0_1_3_2", "global_phase": 1.5707963267948974, "metadata": {}}, "data": {"counts": {"0x0": 2298, "0x1": 1872, "0x2": 2145, "0x3": 1877}, "snapshots": null, "memory": null, "statevector": null, "unitary": null}}, {"shots": 8192, "success": true, "status": null, "seed": null, "meas_level": 2, "meas_return": null, "header": {"qubit_labels": [["q", 0], ["q", 1], ["q", 2], ["q", 3], ["q", 4], ["q", 5], ["q", 6]], "n_qubits": 7, "qreg_sizes": [["q", 7]], "clbit_labels": [["cr0", 0], ["cr1", 0]], "memory_slots": 2, "creg_sizes": [["cr0", 1], ["cr1", 1]], "name": "circuit_mpt_1_1_0_1_4_0", "global_phase": 2.356194490192344, "metadata": {}}, "data": {"counts": {"0x0": 3870, "0x1": 3552, "0x2": 289, "0x3": 481}, "snapshots": null, "memory": null, "statevector": null, "unitary": null}}, {"shots": 8192, "success": true, "status": null, "seed": null, "meas_level": 2, "meas_return": null, "header": {"qubit_labels": [["q", 0], ["q", 1], ["q", 2], ["q", 3], ["q", 4], ["q", 5], ["q", 6]], "n_qubits": 7, "qreg_sizes": [["q", 7]], "clbit_labels": [["cr0", 0], ["cr1", 0]], "memory_slots": 2, "creg_sizes": [["cr0", 1], ["cr1", 1]], "name": "circuit_mpt_1_1_0_1_4_1", "global_phase": 3.1415926535897922, "metadata": {}}, "data": {"counts": {"0x0": 2198, "0x1": 2043, "0x2": 2042, "0x3": 1909}, "snapshots": null, "memory": null, "statevector": null, "unitary": null}}, {"shots": 8192, "success": true, "status": null, "seed": null, "meas_level": 2, "meas_return": null, "header": {"qubit_labels": [["q", 0], ["q", 1], ["q", 2], ["q", 3], ["q", 4], ["q", 5], ["q", 6]], "n_qubits": 7, "qreg_sizes": [["q", 7]], "clbit_labels": [["cr0", 0], ["cr1", 0]], "memory_slots": 2, "creg_sizes": [["cr0", 1], ["cr1", 1]], "name": "circuit_mpt_1_1_0_1_4_2", "global_phase": 4.71238898038469, "metadata": {}}, "data": {"counts": {"0x0": 2129, "0x1": 2068, "0x2": 2044, "0x3": 1951}, "snapshots": null, "memory": null, "statevector": null, "unitary": null}}, {"shots": 8192, "success": true, "status": null, "seed": null, "meas_level": 2, "meas_return": null, "header": {"qubit_labels": [["q", 0], ["q", 1], ["q", 2], ["q", 3], ["q", 4], ["q", 5], ["q", 6]], "n_qubits": 7, "qreg_sizes": [["q", 7]], "clbit_labels": [["cr0", 0], ["cr1", 0]], "memory_slots": 2, "creg_sizes": [["cr0", 1], ["cr1", 1]], "name": "circuit_mpt_1_1_0_1_5_0", "global_phase": 0.7853981633974483, "metadata": {}}, "data": {"counts": {"0x0": 4135, "0x1": 3257, "0x2": 329, "0x3": 471}, "snapshots": null, "memory": null, "statevector": null, "unitary": null}}, {"shots": 8192, "success": true, "status": null, "seed": null, "meas_level": 2, "meas_return": null, "header": {"qubit_labels": [["q", 0], ["q", 1], ["q", 2], ["q", 3], ["q", 4], ["q", 5], ["q", 6]], "n_qubits": 7, "qreg_sizes": [["q", 7]], "clbit_labels": [["cr0", 0], ["cr1", 0]], "memory_slots": 2, "creg_sizes": [["cr0", 1], ["cr1", 1]], "name": "circuit_mpt_1_1_0_1_5_1", "global_phase": 1.5707963267948966, "metadata": {}}, "data": {"counts": {"0x0": 2370, "0x1": 1904, "0x2": 2115, "0x3": 1803}, "snapshots": null, "memory": null, "statevector": null, "unitary": null}}, {"shots": 8192, "success": true, "status": null, "seed": null, "meas_level": 2, "meas_return": null, "header": {"qubit_labels": [["q", 0], ["q", 1], ["q", 2], ["q", 3], ["q", 4], ["q", 5], ["q", 6]], "n_qubits": 7, "qreg_sizes": [["q", 7]], "clbit_labels": [["cr0", 0], ["cr1", 0]], "memory_slots": 2, "creg_sizes": [["cr0", 1], ["cr1", 1]], "name": "circuit_mpt_1_1_0_1_5_2", "global_phase": 3.141592653589793, "metadata": {}}, "data": {"counts": {"0x0": 2352, "0x1": 1946, "0x2": 2131, "0x3": 1763}, "snapshots": null, "memory": null, "statevector": null, "unitary": null}}, {"shots": 8192, "success": true, "status": null, "seed": null, "meas_level": 2, "meas_return": null, "header": {"qubit_labels": [["q", 0], ["q", 1], ["q", 2], ["q", 3], ["q", 4], ["q", 5], ["q", 6]], "n_qubits": 7, "qreg_sizes": [["q", 7]], "clbit_labels": [["cr0", 0], ["cr1", 0]], "memory_slots": 2, "creg_sizes": [["cr0", 1], ["cr1", 1]], "name": "circuit_mpt_1_1_1_0_0_0", "global_phase": 0.0, "metadata": {}}, "data": {"counts": {"0x0": 837, "0x1": 19, "0x2": 7176, "0x3": 160}, "snapshots": null, "memory": null, "statevector": null, "unitary": null}}, {"shots": 8192, "success": true, "status": null, "seed": null, "meas_level": 2, "meas_return": null, "header": {"qubit_labels": [["q", 0], ["q", 1], ["q", 2], ["q", 3], ["q", 4], ["q", 5], ["q", 6]], "n_qubits": 7, "qreg_sizes": [["q", 7]], "clbit_labels": [["cr0", 0], ["cr1", 0]], "memory_slots": 2, "creg_sizes": [["cr0", 1], ["cr1", 1]], "name": "circuit_mpt_1_1_1_0_0_1", "global_phase": 0.7853981633974483, "metadata": {}}, "data": {"counts": {"0x0": 4125, "0x1": 84, "0x2": 3892, "0x3": 91}, "snapshots": null, "memory": null, "statevector": null, "unitary": null}}, {"shots": 8192, "success": true, "status": null, "seed": null, "meas_level": 2, "meas_return": null, "header": {"qubit_labels": [["q", 0], ["q", 1], ["q", 2], ["q", 3], ["q", 4], ["q", 5], ["q", 6]], "n_qubits": 7, "qreg_sizes": [["q", 7]], "clbit_labels": [["cr0", 0], ["cr1", 0]], "memory_slots": 2, "creg_sizes": [["cr0", 1], ["cr1", 1]], "name": "circuit_mpt_1_1_1_0_0_2", "global_phase": 2.356194490192344, "metadata": {}}, "data": {"counts": {"0x0": 4190, "0x1": 74, "0x2": 3842, "0x3": 86}, "snapshots": null, "memory": null, "statevector": null, "unitary": null}}, {"shots": 8192, "success": true, "status": null, "seed": null, "meas_level": 2, "meas_return": null, "header": {"qubit_labels": [["q", 0], ["q", 1], ["q", 2], ["q", 3], ["q", 4], ["q", 5], ["q", 6]], "n_qubits": 7, "qreg_sizes": [["q", 7]], "clbit_labels": [["cr0", 0], ["cr1", 0]], "memory_slots": 2, "creg_sizes": [["cr0", 1], ["cr1", 1]], "name": "circuit_mpt_1_1_1_0_1_0", "global_phase": 0.0, "metadata": {}}, "data": {"counts": {"0x0": 96, "0x1": 1161, "0x2": 556, "0x3": 6379}, "snapshots": null, "memory": null, "statevector": null, "unitary": null}}, {"shots": 8192, "success": true, "status": null, "seed": null, "meas_level": 2, "meas_return": null, "header": {"qubit_labels": [["q", 0], ["q", 1], ["q", 2], ["q", 3], ["q", 4], ["q", 5], ["q", 6]], "n_qubits": 7, "qreg_sizes": [["q", 7]], "clbit_labels": [["cr0", 0], ["cr1", 0]], "memory_slots": 2, "creg_sizes": [["cr0", 1], ["cr1", 1]], "name": "circuit_mpt_1_1_1_0_1_1", "global_phase": 0.7853981633974483, "metadata": {}}, "data": {"counts": {"0x0": 343, "0x1": 3824, "0x2": 296, "0x3": 3729}, "snapshots": null, "memory": null, "statevector": null, "unitary": null}}, {"shots": 8192, "success": true, "status": null, "seed": null, "meas_level": 2, "meas_return": null, "header": {"qubit_labels": [["q", 0], ["q", 1], ["q", 2], ["q", 3], ["q", 4], ["q", 5], ["q", 6]], "n_qubits": 7, "qreg_sizes": [["q", 7]], "clbit_labels": [["cr0", 0], ["cr1", 0]], "memory_slots": 2, "creg_sizes": [["cr0", 1], ["cr1", 1]], "name": "circuit_mpt_1_1_1_0_1_2", "global_phase": 2.356194490192344, "metadata": {}}, "data": {"counts": {"0x0": 342, "0x1": 3938, "0x2": 296, "0x3": 3616}, "snapshots": null, "memory": null, "statevector": null, "unitary": null}}, {"shots": 8192, "success": true, "status": null, "seed": null, "meas_level": 2, "meas_return": null, "header": {"qubit_labels": [["q", 0], ["q", 1], ["q", 2], ["q", 3], ["q", 4], ["q", 5], ["q", 6]], "n_qubits": 7, "qreg_sizes": [["q", 7]], "clbit_labels": [["cr0", 0], ["cr1", 0]], "memory_slots": 2, "creg_sizes": [["cr0", 1], ["cr1", 1]], "name": "circuit_mpt_1_1_1_0_2_0", "global_phase": 0.7853981633974483, "metadata": {}}, "data": {"counts": {"0x0": 423, "0x1": 550, "0x2": 4076, "0x3": 3143}, "snapshots": null, "memory": null, "statevector": null, "unitary": null}}, {"shots": 8192, "success": true, "status": null, "seed": null, "meas_level": 2, "meas_return": null, "header": {"qubit_labels": [["q", 0], ["q", 1], ["q", 2], ["q", 3], ["q", 4], ["q", 5], ["q", 6]], "n_qubits": 7, "qreg_sizes": [["q", 7]], "clbit_labels": [["cr0", 0], ["cr1", 0]], "memory_slots": 2, "creg_sizes": [["cr0", 1], ["cr1", 1]], "name": "circuit_mpt_1_1_1_0_2_1", "global_phase": 1.5707963267948966, "metadata": {}}, "data": {"counts": {"0x0": 2292, "0x1": 1910, "0x2": 2183, "0x3": 1807}, "snapshots": null, "memory": null, "statevector": null, "unitary": null}}, {"shots": 8192, "success": true, "status": null, "seed": null, "meas_level": 2, "meas_return": null, "header": {"qubit_labels": [["q", 0], ["q", 1], ["q", 2], ["q", 3], ["q", 4], ["q", 5], ["q", 6]], "n_qubits": 7, "qreg_sizes": [["q", 7]], "clbit_labels": [["cr0", 0], ["cr1", 0]], "memory_slots": 2, "creg_sizes": [["cr0", 1], ["cr1", 1]], "name": "circuit_mpt_1_1_1_0_2_2", "global_phase": 3.141592653589793, "metadata": {}}, "data": {"counts": {"0x0": 2334, "0x1": 1915, "0x2": 2110, "0x3": 1833}, "snapshots": null, "memory": null, "statevector": null, "unitary": null}}, {"shots": 8192, "success": true, "status": null, "seed": null, "meas_level": 2, "meas_return": null, "header": {"qubit_labels": [["q", 0], ["q", 1], ["q", 2], ["q", 3], ["q", 4], ["q", 5], ["q", 6]], "n_qubits": 7, "qreg_sizes": [["q", 7]], "clbit_labels": [["cr0", 0], ["cr1", 0]], "memory_slots": 2, "creg_sizes": [["cr0", 1], ["cr1", 1]], "name": "circuit_mpt_1_1_1_0_3_0", "global_phase": 5.497787143782138, "metadata": {}}, "data": {"counts": {"0x0": 464, "0x1": 564, "0x2": 4033, "0x3": 3131}, "snapshots": null, "memory": null, "statevector": null, "unitary": null}}, {"shots": 8192, "success": true, "status": null, "seed": null, "meas_level": 2, "meas_return": null, "header": {"qubit_labels": [["q", 0], ["q", 1], ["q", 2], ["q", 3], ["q", 4], ["q", 5], ["q", 6]], "n_qubits": 7, "qreg_sizes": [["q", 7]], "clbit_labels": [["cr0", 0], ["cr1", 0]], "memory_slots": 2, "creg_sizes": [["cr0", 1], ["cr1", 1]], "name": "circuit_mpt_1_1_1_0_3_1", "global_phase": 0.0, "metadata": {}}, "data": {"counts": {"0x0": 2230, "0x1": 1946, "0x2": 2218, "0x3": 1798}, "snapshots": null, "memory": null, "statevector": null, "unitary": null}}, {"shots": 8192, "success": true, "status": null, "seed": null, "meas_level": 2, "meas_return": null, "header": {"qubit_labels": [["q", 0], ["q", 1], ["q", 2], ["q", 3], ["q", 4], ["q", 5], ["q", 6]], "n_qubits": 7, "qreg_sizes": [["q", 7]], "clbit_labels": [["cr0", 0], ["cr1", 0]], "memory_slots": 2, "creg_sizes": [["cr0", 1], ["cr1", 1]], "name": "circuit_mpt_1_1_1_0_3_2", "global_phase": 1.5707963267948974, "metadata": {}}, "data": {"counts": {"0x0": 2369, "0x1": 1938, "0x2": 2077, "0x3": 1808}, "snapshots": null, "memory": null, "statevector": null, "unitary": null}}, {"shots": 8192, "success": true, "status": null, "seed": null, "meas_level": 2, "meas_return": null, "header": {"qubit_labels": [["q", 0], ["q", 1], ["q", 2], ["q", 3], ["q", 4], ["q", 5], ["q", 6]], "n_qubits": 7, "qreg_sizes": [["q", 7]], "clbit_labels": [["cr0", 0], ["cr1", 0]], "memory_slots": 2, "creg_sizes": [["cr0", 1], ["cr1", 1]], "name": "circuit_mpt_1_1_1_0_4_0", "global_phase": 2.356194490192344, "metadata": {}}, "data": {"counts": {"0x0": 448, "0x1": 609, "0x2": 3739, "0x3": 3396}, "snapshots": null, "memory": null, "statevector": null, "unitary": null}}, {"shots": 8192, "success": true, "status": null, "seed": null, "meas_level": 2, "meas_return": null, "header": {"qubit_labels": [["q", 0], ["q", 1], ["q", 2], ["q", 3], ["q", 4], ["q", 5], ["q", 6]], "n_qubits": 7, "qreg_sizes": [["q", 7]], "clbit_labels": [["cr0", 0], ["cr1", 0]], "memory_slots": 2, "creg_sizes": [["cr0", 1], ["cr1", 1]], "name": "circuit_mpt_1_1_1_0_4_1", "global_phase": 3.1415926535897922, "metadata": {}}, "data": {"counts": {"0x0": 2209, "0x1": 1962, "0x2": 2092, "0x3": 1929}, "snapshots": null, "memory": null, "statevector": null, "unitary": null}}, {"shots": 8192, "success": true, "status": null, "seed": null, "meas_level": 2, "meas_return": null, "header": {"qubit_labels": [["q", 0], ["q", 1], ["q", 2], ["q", 3], ["q", 4], ["q", 5], ["q", 6]], "n_qubits": 7, "qreg_sizes": [["q", 7]], "clbit_labels": [["cr0", 0], ["cr1", 0]], "memory_slots": 2, "creg_sizes": [["cr0", 1], ["cr1", 1]], "name": "circuit_mpt_1_1_1_0_4_2", "global_phase": 4.71238898038469, "metadata": {}}, "data": {"counts": {"0x0": 2257, "0x1": 2016, "0x2": 2037, "0x3": 1882}, "snapshots": null, "memory": null, "statevector": null, "unitary": null}}, {"shots": 8192, "success": true, "status": null, "seed": null, "meas_level": 2, "meas_return": null, "header": {"qubit_labels": [["q", 0], ["q", 1], ["q", 2], ["q", 3], ["q", 4], ["q", 5], ["q", 6]], "n_qubits": 7, "qreg_sizes": [["q", 7]], "clbit_labels": [["cr0", 0], ["cr1", 0]], "memory_slots": 2, "creg_sizes": [["cr0", 1], ["cr1", 1]], "name": "circuit_mpt_1_1_1_0_5_0", "global_phase": 0.7853981633974483, "metadata": {}}, "data": {"counts": {"0x0": 491, "0x1": 598, "0x2": 3900, "0x3": 3203}, "snapshots": null, "memory": null, "statevector": null, "unitary": null}}, {"shots": 8192, "success": true, "status": null, "seed": null, "meas_level": 2, "meas_return": null, "header": {"qubit_labels": [["q", 0], ["q", 1], ["q", 2], ["q", 3], ["q", 4], ["q", 5], ["q", 6]], "n_qubits": 7, "qreg_sizes": [["q", 7]], "clbit_labels": [["cr0", 0], ["cr1", 0]], "memory_slots": 2, "creg_sizes": [["cr0", 1], ["cr1", 1]], "name": "circuit_mpt_1_1_1_0_5_1", "global_phase": 1.5707963267948966, "metadata": {}}, "data": {"counts": {"0x0": 2227, "0x1": 1913, "0x2": 2213, "0x3": 1839}, "snapshots": null, "memory": null, "statevector": null, "unitary": null}}, {"shots": 8192, "success": true, "status": null, "seed": null, "meas_level": 2, "meas_return": null, "header": {"qubit_labels": [["q", 0], ["q", 1], ["q", 2], ["q", 3], ["q", 4], ["q", 5], ["q", 6]], "n_qubits": 7, "qreg_sizes": [["q", 7]], "clbit_labels": [["cr0", 0], ["cr1", 0]], "memory_slots": 2, "creg_sizes": [["cr0", 1], ["cr1", 1]], "name": "circuit_mpt_1_1_1_0_5_2", "global_phase": 3.141592653589793, "metadata": {}}, "data": {"counts": {"0x0": 2324, "0x1": 1903, "0x2": 2186, "0x3": 1779}, "snapshots": null, "memory": null, "statevector": null, "unitary": null}}, {"shots": 8192, "success": true, "status": null, "seed": null, "meas_level": 2, "meas_return": null, "header": {"qubit_labels": [["q", 0], ["q", 1], ["q", 2], ["q", 3], ["q", 4], ["q", 5], ["q", 6]], "n_qubits": 7, "qreg_sizes": [["q", 7]], "clbit_labels": [["cr0", 0], ["cr1", 0]], "memory_slots": 2, "creg_sizes": [["cr0", 1], ["cr1", 1]], "name": "circuit_mpt_1_1_1_1_0_0", "global_phase": 0.0, "metadata": {}}, "data": {"counts": {"0x0": 829, "0x1": 23, "0x2": 7204, "0x3": 136}, "snapshots": null, "memory": null, "statevector": null, "unitary": null}}, {"shots": 8192, "success": true, "status": null, "seed": null, "meas_level": 2, "meas_return": null, "header": {"qubit_labels": [["q", 0], ["q", 1], ["q", 2], ["q", 3], ["q", 4], ["q", 5], ["q", 6]], "n_qubits": 7, "qreg_sizes": [["q", 7]], "clbit_labels": [["cr0", 0], ["cr1", 0]], "memory_slots": 2, "creg_sizes": [["cr0", 1], ["cr1", 1]], "name": "circuit_mpt_1_1_1_1_0_1", "global_phase": 0.7853981633974483, "metadata": {}}, "data": {"counts": {"0x0": 4055, "0x1": 84, "0x2": 3928, "0x3": 125}, "snapshots": null, "memory": null, "statevector": null, "unitary": null}}, {"shots": 8192, "success": true, "status": null, "seed": null, "meas_level": 2, "meas_return": null, "header": {"qubit_labels": [["q", 0], ["q", 1], ["q", 2], ["q", 3], ["q", 4], ["q", 5], ["q", 6]], "n_qubits": 7, "qreg_sizes": [["q", 7]], "clbit_labels": [["cr0", 0], ["cr1", 0]], "memory_slots": 2, "creg_sizes": [["cr0", 1], ["cr1", 1]], "name": "circuit_mpt_1_1_1_1_0_2", "global_phase": 2.356194490192344, "metadata": {}}, "data": {"counts": {"0x0": 4255, "0x1": 81, "0x2": 3770, "0x3": 86}, "snapshots": null, "memory": null, "statevector": null, "unitary": null}}, {"shots": 8192, "success": true, "status": null, "seed": null, "meas_level": 2, "meas_return": null, "header": {"qubit_labels": [["q", 0], ["q", 1], ["q", 2], ["q", 3], ["q", 4], ["q", 5], ["q", 6]], "n_qubits": 7, "qreg_sizes": [["q", 7]], "clbit_labels": [["cr0", 0], ["cr1", 0]], "memory_slots": 2, "creg_sizes": [["cr0", 1], ["cr1", 1]], "name": "circuit_mpt_1_1_1_1_1_0", "global_phase": 0.0, "metadata": {}}, "data": {"counts": {"0x0": 79, "0x1": 1147, "0x2": 566, "0x3": 6400}, "snapshots": null, "memory": null, "statevector": null, "unitary": null}}, {"shots": 8192, "success": true, "status": null, "seed": null, "meas_level": 2, "meas_return": null, "header": {"qubit_labels": [["q", 0], ["q", 1], ["q", 2], ["q", 3], ["q", 4], ["q", 5], ["q", 6]], "n_qubits": 7, "qreg_sizes": [["q", 7]], "clbit_labels": [["cr0", 0], ["cr1", 0]], "memory_slots": 2, "creg_sizes": [["cr0", 1], ["cr1", 1]], "name": "circuit_mpt_1_1_1_1_1_1", "global_phase": 0.7853981633974483, "metadata": {}}, "data": {"counts": {"0x0": 334, "0x1": 3825, "0x2": 318, "0x3": 3715}, "snapshots": null, "memory": null, "statevector": null, "unitary": null}}, {"shots": 8192, "success": true, "status": null, "seed": null, "meas_level": 2, "meas_return": null, "header": {"qubit_labels": [["q", 0], ["q", 1], ["q", 2], ["q", 3], ["q", 4], ["q", 5], ["q", 6]], "n_qubits": 7, "qreg_sizes": [["q", 7]], "clbit_labels": [["cr0", 0], ["cr1", 0]], "memory_slots": 2, "creg_sizes": [["cr0", 1], ["cr1", 1]], "name": "circuit_mpt_1_1_1_1_1_2", "global_phase": 2.356194490192344, "metadata": {}}, "data": {"counts": {"0x0": 332, "0x1": 3945, "0x2": 317, "0x3": 3598}, "snapshots": null, "memory": null, "statevector": null, "unitary": null}}, {"shots": 8192, "success": true, "status": null, "seed": null, "meas_level": 2, "meas_return": null, "header": {"qubit_labels": [["q", 0], ["q", 1], ["q", 2], ["q", 3], ["q", 4], ["q", 5], ["q", 6]], "n_qubits": 7, "qreg_sizes": [["q", 7]], "clbit_labels": [["cr0", 0], ["cr1", 0]], "memory_slots": 2, "creg_sizes": [["cr0", 1], ["cr1", 1]], "name": "circuit_mpt_1_1_1_1_2_0", "global_phase": 0.7853981633974483, "metadata": {}}, "data": {"counts": {"0x0": 445, "0x1": 559, "0x2": 3960, "0x3": 3228}, "snapshots": null, "memory": null, "statevector": null, "unitary": null}}, {"shots": 8192, "success": true, "status": null, "seed": null, "meas_level": 2, "meas_return": null, "header": {"qubit_labels": [["q", 0], ["q", 1], ["q", 2], ["q", 3], ["q", 4], ["q", 5], ["q", 6]], "n_qubits": 7, "qreg_sizes": [["q", 7]], "clbit_labels": [["cr0", 0], ["cr1", 0]], "memory_slots": 2, "creg_sizes": [["cr0", 1], ["cr1", 1]], "name": "circuit_mpt_1_1_1_1_2_1", "global_phase": 1.5707963267948966, "metadata": {}}, "data": {"counts": {"0x0": 2304, "0x1": 1897, "0x2": 2118, "0x3": 1873}, "snapshots": null, "memory": null, "statevector": null, "unitary": null}}, {"shots": 8192, "success": true, "status": null, "seed": null, "meas_level": 2, "meas_return": null, "header": {"qubit_labels": [["q", 0], ["q", 1], ["q", 2], ["q", 3], ["q", 4], ["q", 5], ["q", 6]], "n_qubits": 7, "qreg_sizes": [["q", 7]], "clbit_labels": [["cr0", 0], ["cr1", 0]], "memory_slots": 2, "creg_sizes": [["cr0", 1], ["cr1", 1]], "name": "circuit_mpt_1_1_1_1_2_2", "global_phase": 3.141592653589793, "metadata": {}}, "data": {"counts": {"0x0": 2361, "0x1": 1856, "0x2": 2137, "0x3": 1838}, "snapshots": null, "memory": null, "statevector": null, "unitary": null}}, {"shots": 8192, "success": true, "status": null, "seed": null, "meas_level": 2, "meas_return": null, "header": {"qubit_labels": [["q", 0], ["q", 1], ["q", 2], ["q", 3], ["q", 4], ["q", 5], ["q", 6]], "n_qubits": 7, "qreg_sizes": [["q", 7]], "clbit_labels": [["cr0", 0], ["cr1", 0]], "memory_slots": 2, "creg_sizes": [["cr0", 1], ["cr1", 1]], "name": "circuit_mpt_1_1_1_1_3_0", "global_phase": 5.497787143782138, "metadata": {}}, "data": {"counts": {"0x0": 453, "0x1": 557, "0x2": 3951, "0x3": 3231}, "snapshots": null, "memory": null, "statevector": null, "unitary": null}}, {"shots": 8192, "success": true, "status": null, "seed": null, "meas_level": 2, "meas_return": null, "header": {"qubit_labels": [["q", 0], ["q", 1], ["q", 2], ["q", 3], ["q", 4], ["q", 5], ["q", 6]], "n_qubits": 7, "qreg_sizes": [["q", 7]], "clbit_labels": [["cr0", 0], ["cr1", 0]], "memory_slots": 2, "creg_sizes": [["cr0", 1], ["cr1", 1]], "name": "circuit_mpt_1_1_1_1_3_1", "global_phase": 0.0, "metadata": {}}, "data": {"counts": {"0x0": 2227, "0x1": 1926, "0x2": 2144, "0x3": 1895}, "snapshots": null, "memory": null, "statevector": null, "unitary": null}}, {"shots": 8192, "success": true, "status": null, "seed": null, "meas_level": 2, "meas_return": null, "header": {"qubit_labels": [["q", 0], ["q", 1], ["q", 2], ["q", 3], ["q", 4], ["q", 5], ["q", 6]], "n_qubits": 7, "qreg_sizes": [["q", 7]], "clbit_labels": [["cr0", 0], ["cr1", 0]], "memory_slots": 2, "creg_sizes": [["cr0", 1], ["cr1", 1]], "name": "circuit_mpt_1_1_1_1_3_2", "global_phase": 1.5707963267948974, "metadata": {}}, "data": {"counts": {"0x0": 2312, "0x1": 1907, "0x2": 2149, "0x3": 1824}, "snapshots": null, "memory": null, "statevector": null, "unitary": null}}, {"shots": 8192, "success": true, "status": null, "seed": null, "meas_level": 2, "meas_return": null, "header": {"qubit_labels": [["q", 0], ["q", 1], ["q", 2], ["q", 3], ["q", 4], ["q", 5], ["q", 6]], "n_qubits": 7, "qreg_sizes": [["q", 7]], "clbit_labels": [["cr0", 0], ["cr1", 0]], "memory_slots": 2, "creg_sizes": [["cr0", 1], ["cr1", 1]], "name": "circuit_mpt_1_1_1_1_4_0", "global_phase": 2.356194490192344, "metadata": {}}, "data": {"counts": {"0x0": 466, "0x1": 579, "0x2": 3797, "0x3": 3350}, "snapshots": null, "memory": null, "statevector": null, "unitary": null}}, {"shots": 8192, "success": true, "status": null, "seed": null, "meas_level": 2, "meas_return": null, "header": {"qubit_labels": [["q", 0], ["q", 1], ["q", 2], ["q", 3], ["q", 4], ["q", 5], ["q", 6]], "n_qubits": 7, "qreg_sizes": [["q", 7]], "clbit_labels": [["cr0", 0], ["cr1", 0]], "memory_slots": 2, "creg_sizes": [["cr0", 1], ["cr1", 1]], "name": "circuit_mpt_1_1_1_1_4_1", "global_phase": 3.1415926535897922, "metadata": {}}, "data": {"counts": {"0x0": 2144, "0x1": 2034, "0x2": 2152, "0x3": 1862}, "snapshots": null, "memory": null, "statevector": null, "unitary": null}}, {"shots": 8192, "success": true, "status": null, "seed": null, "meas_level": 2, "meas_return": null, "header": {"qubit_labels": [["q", 0], ["q", 1], ["q", 2], ["q", 3], ["q", 4], ["q", 5], ["q", 6]], "n_qubits": 7, "qreg_sizes": [["q", 7]], "clbit_labels": [["cr0", 0], ["cr1", 0]], "memory_slots": 2, "creg_sizes": [["cr0", 1], ["cr1", 1]], "name": "circuit_mpt_1_1_1_1_4_2", "global_phase": 4.71238898038469, "metadata": {}}, "data": {"counts": {"0x0": 2199, "0x1": 1983, "0x2": 2126, "0x3": 1884}, "snapshots": null, "memory": null, "statevector": null, "unitary": null}}, {"shots": 8192, "success": true, "status": null, "seed": null, "meas_level": 2, "meas_return": null, "header": {"qubit_labels": [["q", 0], ["q", 1], ["q", 2], ["q", 3], ["q", 4], ["q", 5], ["q", 6]], "n_qubits": 7, "qreg_sizes": [["q", 7]], "clbit_labels": [["cr0", 0], ["cr1", 0]], "memory_slots": 2, "creg_sizes": [["cr0", 1], ["cr1", 1]], "name": "circuit_mpt_1_1_1_1_5_0", "global_phase": 0.7853981633974483, "metadata": {}}, "data": {"counts": {"0x0": 500, "0x1": 554, "0x2": 3919, "0x3": 3219}, "snapshots": null, "memory": null, "statevector": null, "unitary": null}}, {"shots": 8192, "success": true, "status": null, "seed": null, "meas_level": 2, "meas_return": null, "header": {"qubit_labels": [["q", 0], ["q", 1], ["q", 2], ["q", 3], ["q", 4], ["q", 5], ["q", 6]], "n_qubits": 7, "qreg_sizes": [["q", 7]], "clbit_labels": [["cr0", 0], ["cr1", 0]], "memory_slots": 2, "creg_sizes": [["cr0", 1], ["cr1", 1]], "name": "circuit_mpt_1_1_1_1_5_1", "global_phase": 1.5707963267948966, "metadata": {}}, "data": {"counts": {"0x0": 2250, "0x1": 1976, "0x2": 2122, "0x3": 1844}, "snapshots": null, "memory": null, "statevector": null, "unitary": null}}, {"shots": 8192, "success": true, "status": null, "seed": null, "meas_level": 2, "meas_return": null, "header": {"qubit_labels": [["q", 0], ["q", 1], ["q", 2], ["q", 3], ["q", 4], ["q", 5], ["q", 6]], "n_qubits": 7, "qreg_sizes": [["q", 7]], "clbit_labels": [["cr0", 0], ["cr1", 0]], "memory_slots": 2, "creg_sizes": [["cr0", 1], ["cr1", 1]], "name": "circuit_mpt_1_1_1_1_5_2", "global_phase": 3.141592653589793, "metadata": {}}, "data": {"counts": {"0x0": 2289, "0x1": 1935, "0x2": 2169, "0x3": 1799}, "snapshots": null, "memory": null, "statevector": null, "unitary": null}}], "error": null}